record_id,repository,work_type,number,created_at,closed_at,source_year,resolved_within_30d,workflow_risk_30d,prior_items,prior_30d_inflow,prior_open_backlog,prior_closed_by_as_of,prior_30d_resolution_rate,created_month,created_weekday
backstage:prs:8717,backstage,pull_request,8717,2022-01-01 00:52:14+00:00,2022-01-04 09:26:01+00:00,2022,1,0,0,0,0,0,,1,5
backstage:prs:8719,backstage,pull_request,8719,2022-01-02 14:42:24+00:00,2022-01-13 22:25:02+00:00,2022,1,0,1,1,1,0,,1,6
backstage:prs:8720,backstage,pull_request,8720,2022-01-03 09:34:11+00:00,2022-01-03 09:43:09+00:00,2022,1,0,2,2,2,0,,1,0
backstage:issues:8721,backstage,issue,8721,2022-01-03 10:03:08+00:00,2022-01-04 14:00:46+00:00,2022,1,0,3,3,2,1,,1,0
backstage:prs:8722,backstage,pull_request,8722,2022-01-03 10:07:54+00:00,2022-01-03 10:39:45+00:00,2022,1,0,4,4,3,1,,1,0
backstage:prs:8723,backstage,pull_request,8723,2022-01-03 12:08:32+00:00,2022-01-04 08:24:28+00:00,2022,1,0,5,5,3,2,,1,0
backstage:prs:8724,backstage,pull_request,8724,2022-01-03 14:00:03+00:00,2022-01-03 17:05:12+00:00,2022,1,0,6,6,4,2,,1,0
backstage:prs:8725,backstage,pull_request,8725,2022-01-03 14:08:43+00:00,2022-01-03 23:57:34+00:00,2022,1,0,7,7,5,2,,1,0
backstage:prs:8726,backstage,pull_request,8726,2022-01-03 14:21:46+00:00,2022-01-03 14:35:52+00:00,2022,1,0,8,8,6,2,,1,0
backstage:prs:8727,backstage,pull_request,8727,2022-01-03 14:36:09+00:00,2022-01-12 08:10:04+00:00,2022,1,0,9,9,6,3,,1,0
backstage:prs:8728,backstage,pull_request,8728,2022-01-03 16:53:12+00:00,2022-01-04 08:35:33+00:00,2022,1,0,10,10,7,3,,1,0
backstage:issues:8729,backstage,issue,8729,2022-01-03 16:57:12+00:00,2022-03-09 09:41:41+00:00,2022,0,1,11,11,8,3,,1,0
backstage:prs:8730,backstage,pull_request,8730,2022-01-03 17:00:36+00:00,2022-01-03 17:09:49+00:00,2022,1,0,12,12,9,3,,1,0
backstage:prs:8731,backstage,pull_request,8731,2022-01-03 17:36:05+00:00,2022-01-04 09:55:10+00:00,2022,1,0,13,13,8,5,,1,0
backstage:prs:8732,backstage,pull_request,8732,2022-01-03 18:23:09+00:00,2022-01-03 18:48:09+00:00,2022,1,0,14,14,9,5,,1,0
backstage:prs:8733,backstage,pull_request,8733,2022-01-04 04:10:45+00:00,2022-01-04 07:23:29+00:00,2022,1,0,15,15,8,7,,1,1
backstage:prs:8734,backstage,pull_request,8734,2022-01-04 04:13:58+00:00,2022-01-04 07:23:02+00:00,2022,1,0,16,16,9,7,,1,1
backstage:issues:8735,backstage,issue,8735,2022-01-04 07:47:52+00:00,2022-03-12 08:05:32+00:00,2022,0,1,17,17,8,9,,1,1
backstage:prs:8736,backstage,pull_request,8736,2022-01-04 09:48:44+00:00,2022-01-10 14:20:40+00:00,2022,1,0,18,18,6,12,,1,1
backstage:prs:8737,backstage,pull_request,8737,2022-01-04 10:04:31+00:00,2022-01-04 10:48:57+00:00,2022,1,0,19,19,6,13,,1,1
backstage:prs:8738,backstage,pull_request,8738,2022-01-04 10:49:23+00:00,2022-01-05 12:32:40+00:00,2022,1,0,20,20,6,14,,1,1
backstage:issues:8739,backstage,issue,8739,2022-01-04 17:13:58+00:00,2022-03-15 13:09:20+00:00,2022,0,1,21,21,6,15,,1,1
backstage:prs:8740,backstage,pull_request,8740,2022-01-04 17:35:19+00:00,2022-01-05 12:31:58+00:00,2022,1,0,22,22,7,15,,1,1
backstage:prs:8741,backstage,pull_request,8741,2022-01-04 18:20:06+00:00,2022-01-05 06:52:08+00:00,2022,1,0,23,23,8,15,,1,1
backstage:prs:8742,backstage,pull_request,8742,2022-01-04 18:34:34+00:00,2022-01-05 01:13:04+00:00,2022,1,0,24,24,9,15,,1,1
backstage:issues:8743,backstage,issue,8743,2022-01-04 20:29:32+00:00,2022-03-18 16:50:54+00:00,2022,0,1,25,25,10,15,,1,1
backstage:prs:8744,backstage,pull_request,8744,2022-01-04 21:56:31+00:00,2022-01-05 18:54:46+00:00,2022,1,0,26,26,11,15,,1,1
backstage:prs:8745,backstage,pull_request,8745,2022-01-05 00:11:58+00:00,2022-01-05 16:02:13+00:00,2022,1,0,27,27,12,15,,1,2
backstage:prs:8746,backstage,pull_request,8746,2022-01-05 01:00:33+00:00,2022-01-05 12:29:49+00:00,2022,1,0,28,28,13,15,,1,2
backstage:prs:8747,backstage,pull_request,8747,2022-01-05 01:57:57+00:00,2022-01-07 13:28:10+00:00,2022,1,0,29,29,13,16,,1,2
backstage:prs:8748,backstage,pull_request,8748,2022-01-05 02:36:10+00:00,2022-01-05 09:08:42+00:00,2022,1,0,30,30,14,16,,1,2
backstage:prs:8749,backstage,pull_request,8749,2022-01-05 04:14:36+00:00,2022-01-05 06:45:43+00:00,2022,1,0,31,31,15,16,,1,2
backstage:prs:8750,backstage,pull_request,8750,2022-01-05 04:15:28+00:00,2022-01-05 09:33:48+00:00,2022,1,0,32,32,16,16,,1,2
backstage:prs:8751,backstage,pull_request,8751,2022-01-05 09:14:19+00:00,2022-01-13 16:25:20+00:00,2022,1,0,33,33,14,19,,1,2
backstage:prs:8752,backstage,pull_request,8752,2022-01-05 09:24:17+00:00,2022-01-05 10:06:42+00:00,2022,1,0,34,34,15,19,,1,2
backstage:prs:8753,backstage,pull_request,8753,2022-01-05 10:22:54+00:00,2022-01-05 12:17:01+00:00,2022,1,0,35,35,14,21,,1,2
backstage:prs:8754,backstage,pull_request,8754,2022-01-05 10:24:57+00:00,2022-01-11 09:59:54+00:00,2022,1,0,36,36,15,21,,1,2
backstage:prs:8755,backstage,pull_request,8755,2022-01-05 10:30:46+00:00,2022-01-05 12:16:04+00:00,2022,1,0,37,37,16,21,,1,2
backstage:prs:8756,backstage,pull_request,8756,2022-01-05 10:45:00+00:00,2022-01-05 15:59:22+00:00,2022,1,0,38,38,17,21,,1,2
backstage:prs:8757,backstage,pull_request,8757,2022-01-05 10:45:49+00:00,2022-01-05 12:28:49+00:00,2022,1,0,39,39,18,21,,1,2
backstage:prs:8758,backstage,pull_request,8758,2022-01-05 10:46:21+00:00,2022-01-05 13:00:56+00:00,2022,1,0,40,40,19,21,,1,2
backstage:prs:8760,backstage,pull_request,8760,2022-01-05 10:48:18+00:00,2022-01-05 15:33:00+00:00,2022,1,0,41,41,20,21,,1,2
backstage:issues:8761,backstage,issue,8761,2022-01-05 10:50:45+00:00,2022-01-13 15:30:10+00:00,2022,1,0,42,42,21,21,,1,2
backstage:prs:8762,backstage,pull_request,8762,2022-01-05 11:57:53+00:00,2022-01-05 14:26:57+00:00,2022,1,0,43,43,22,21,,1,2
backstage:prs:8763,backstage,pull_request,8763,2022-01-05 12:50:50+00:00,2022-02-01 17:17:56+00:00,2022,1,0,44,44,17,27,,1,2
backstage:prs:8764,backstage,pull_request,8764,2022-01-05 13:21:48+00:00,2022-01-05 15:32:50+00:00,2022,1,0,45,45,17,28,,1,2
backstage:prs:8765,backstage,pull_request,8765,2022-01-05 15:13:34+00:00,2022-01-05 15:45:27+00:00,2022,1,0,46,46,17,29,,1,2
backstage:prs:8766,backstage,pull_request,8766,2022-01-05 15:34:01+00:00,2022-01-05 17:36:33+00:00,2022,1,0,47,47,16,31,,1,2
backstage:issues:8767,backstage,issue,8767,2022-01-05 16:46:21+00:00,2022-01-10 18:49:24+00:00,2022,1,0,48,48,14,34,,1,2
backstage:prs:8768,backstage,pull_request,8768,2022-01-05 18:05:23+00:00,2022-01-06 08:19:31+00:00,2022,1,0,49,49,14,35,,1,2
backstage:prs:8769,backstage,pull_request,8769,2022-01-05 20:39:07+00:00,2022-01-20 10:25:57+00:00,2022,1,0,50,50,14,36,,1,2
backstage:issues:8770,backstage,issue,8770,2022-01-05 22:34:04+00:00,2022-01-27 15:28:14+00:00,2022,1,0,51,51,15,36,,1,2
backstage:issues:8771,backstage,issue,8771,2022-01-05 23:01:56+00:00,2022-01-13 06:48:07+00:00,2022,1,0,52,52,16,36,,1,2
backstage:prs:8772,backstage,pull_request,8772,2022-01-06 01:17:53+00:00,2022-01-10 16:36:49+00:00,2022,1,0,53,53,17,36,,1,3
backstage:prs:8773,backstage,pull_request,8773,2022-01-06 04:11:50+00:00,2022-01-07 08:18:22+00:00,2022,1,0,54,54,18,36,,1,3
backstage:prs:8774,backstage,pull_request,8774,2022-01-06 04:14:22+00:00,2022-01-13 21:32:49+00:00,2022,1,0,55,55,19,36,,1,3
backstage:prs:8775,backstage,pull_request,8775,2022-01-06 04:16:57+00:00,2022-01-06 08:20:18+00:00,2022,1,0,56,56,20,36,,1,3
backstage:prs:8776,backstage,pull_request,8776,2022-01-06 04:42:11+00:00,2022-01-10 15:30:08+00:00,2022,1,0,57,57,21,36,,1,3
backstage:prs:8777,backstage,pull_request,8777,2022-01-06 04:43:16+00:00,2022-01-11 10:47:03+00:00,2022,1,0,58,58,22,36,,1,3
backstage:prs:8778,backstage,pull_request,8778,2022-01-06 04:44:13+00:00,2022-01-06 08:16:39+00:00,2022,1,0,59,59,23,36,,1,3
backstage:prs:8779,backstage,pull_request,8779,2022-01-06 04:44:42+00:00,2022-02-04 08:36:38+00:00,2022,1,0,60,60,24,36,,1,3
backstage:prs:8780,backstage,pull_request,8780,2022-01-06 14:17:43+00:00,2022-01-06 14:45:11+00:00,2022,1,0,61,61,22,39,,1,3
backstage:prs:8781,backstage,pull_request,8781,2022-01-06 15:40:46+00:00,2022-01-06 21:19:30+00:00,2022,1,0,62,62,22,40,,1,3
backstage:prs:8782,backstage,pull_request,8782,2022-01-06 15:50:04+00:00,2022-01-19 10:39:37+00:00,2022,1,0,63,63,23,40,,1,3
backstage:prs:8783,backstage,pull_request,8783,2022-01-06 15:56:01+00:00,2022-01-13 21:56:43+00:00,2022,1,0,64,64,24,40,,1,3
backstage:prs:8784,backstage,pull_request,8784,2022-01-06 16:53:51+00:00,2022-01-07 16:56:42+00:00,2022,1,0,65,65,25,40,,1,3
backstage:prs:8785,backstage,pull_request,8785,2022-01-06 17:26:59+00:00,2022-01-07 08:17:05+00:00,2022,1,0,66,66,26,40,,1,3
backstage:prs:8786,backstage,pull_request,8786,2022-01-06 17:32:13+00:00,2022-01-06 19:16:16+00:00,2022,1,0,67,67,27,40,,1,3
backstage:issues:8787,backstage,issue,8787,2022-01-06 18:05:31+00:00,2022-01-07 09:52:48+00:00,2022,1,0,68,68,28,40,,1,3
backstage:prs:8788,backstage,pull_request,8788,2022-01-06 19:55:14+00:00,2022-01-07 14:49:46+00:00,2022,1,0,69,69,28,41,,1,3
backstage:prs:8789,backstage,pull_request,8789,2022-01-06 20:23:33+00:00,2022-01-07 09:52:48+00:00,2022,1,0,70,70,29,41,,1,3
backstage:prs:8790,backstage,pull_request,8790,2022-01-06 21:09:52+00:00,2022-01-14 15:31:53+00:00,2022,1,0,71,71,30,41,,1,3
backstage:prs:8791,backstage,pull_request,8791,2022-01-06 22:41:48+00:00,2022-01-18 17:43:36+00:00,2022,1,0,72,72,30,42,,1,3
backstage:issues:8792,backstage,issue,8792,2022-01-07 00:18:48+00:00,2022-02-10 12:07:18+00:00,2022,0,1,73,73,31,42,,1,4
backstage:prs:8793,backstage,pull_request,8793,2022-01-07 04:08:04+00:00,2022-01-11 13:47:03+00:00,2022,1,0,74,74,32,42,,1,4
backstage:prs:8794,backstage,pull_request,8794,2022-01-07 04:08:42+00:00,2022-01-07 07:32:52+00:00,2022,1,0,75,75,33,42,,1,4
backstage:prs:8795,backstage,pull_request,8795,2022-01-07 09:55:04+00:00,2022-01-07 13:39:00+00:00,2022,1,0,76,76,29,47,,1,4
backstage:prs:8796,backstage,pull_request,8796,2022-01-07 10:30:44+00:00,2022-01-13 12:54:24+00:00,2022,1,0,77,77,30,47,,1,4
backstage:prs:8797,backstage,pull_request,8797,2022-01-07 12:35:53+00:00,2022-01-10 12:31:16+00:00,2022,1,0,78,78,31,47,,1,4
backstage:prs:8798,backstage,pull_request,8798,2022-01-07 12:40:30+00:00,2022-01-10 10:31:34+00:00,2022,1,0,79,79,32,47,,1,4
backstage:prs:8799,backstage,pull_request,8799,2022-01-07 12:57:25+00:00,2022-01-14 14:43:51+00:00,2022,1,0,80,80,33,47,,1,4
backstage:prs:8800,backstage,pull_request,8800,2022-01-07 14:43:50+00:00,2022-01-10 08:50:06+00:00,2022,1,0,81,81,32,49,,1,4
backstage:prs:8801,backstage,pull_request,8801,2022-01-07 14:46:02+00:00,2022-01-07 14:46:41+00:00,2022,1,0,82,82,33,49,,1,4
backstage:prs:8802,backstage,pull_request,8802,2022-01-07 15:00:26+00:00,2022-01-10 12:44:45+00:00,2022,1,0,83,83,32,51,,1,4
backstage:prs:8803,backstage,pull_request,8803,2022-01-07 15:40:07+00:00,2022-01-10 09:48:32+00:00,2022,1,0,84,84,33,51,,1,4
backstage:prs:8804,backstage,pull_request,8804,2022-01-07 15:53:58+00:00,2022-01-19 15:13:45+00:00,2022,1,0,85,85,34,51,,1,4
backstage:prs:8805,backstage,pull_request,8805,2022-01-07 15:54:01+00:00,2022-01-17 12:22:25+00:00,2022,1,0,86,86,35,51,,1,4
backstage:prs:8806,backstage,pull_request,8806,2022-01-07 16:19:30+00:00,2022-01-07 16:59:43+00:00,2022,1,0,87,87,36,51,,1,4
backstage:prs:8807,backstage,pull_request,8807,2022-01-07 16:27:14+00:00,2022-02-03 09:33:02+00:00,2022,1,0,88,88,37,51,,1,4
backstage:prs:8808,backstage,pull_request,8808,2022-01-07 16:29:02+00:00,2022-01-10 09:55:44+00:00,2022,1,0,89,89,38,51,,1,4
backstage:prs:8809,backstage,pull_request,8809,2022-01-07 16:30:54+00:00,2022-01-17 13:01:35+00:00,2022,1,0,90,90,39,51,,1,4
backstage:prs:8810,backstage,pull_request,8810,2022-01-07 16:39:31+00:00,2022-01-11 14:21:54+00:00,2022,1,0,91,91,40,51,,1,4
backstage:prs:8811,backstage,pull_request,8811,2022-01-07 16:41:59+00:00,2022-01-16 17:52:50+00:00,2022,1,0,92,92,41,51,,1,4
backstage:issues:8812,backstage,issue,8812,2022-01-07 17:06:52+00:00,2022-03-15 17:53:44+00:00,2022,0,1,93,93,40,53,,1,4
backstage:prs:8813,backstage,pull_request,8813,2022-01-07 17:23:44+00:00,2022-01-10 16:28:23+00:00,2022,1,0,94,94,41,53,,1,4
backstage:prs:8814,backstage,pull_request,8814,2022-01-07 17:48:01+00:00,2022-01-07 18:51:27+00:00,2022,1,0,95,95,42,53,,1,4
backstage:prs:8815,backstage,pull_request,8815,2022-01-07 18:52:28+00:00,2022-01-13 06:48:07+00:00,2022,1,0,96,96,42,54,,1,4
backstage:issues:8816,backstage,issue,8816,2022-01-08 01:18:59+00:00,2022-06-30 08:33:57+00:00,2022,0,1,97,97,43,54,,1,5
backstage:issues:8817,backstage,issue,8817,2022-01-08 01:55:46+00:00,2022-01-08 17:33:42+00:00,2022,1,0,98,98,44,54,,1,5
backstage:issues:8818,backstage,issue,8818,2022-01-08 11:19:53+00:00,2022-03-17 12:20:11+00:00,2022,0,1,99,99,45,54,,1,5
backstage:prs:8819,backstage,pull_request,8819,2022-01-08 15:28:37+00:00,2022-01-08 16:38:19+00:00,2022,1,0,100,100,46,54,,1,5
backstage:prs:8820,backstage,pull_request,8820,2022-01-08 15:37:11+00:00,2022-01-08 17:33:42+00:00,2022,1,0,101,101,47,54,,1,5
backstage:prs:8821,backstage,pull_request,8821,2022-01-08 18:55:44+00:00,2022-01-12 10:41:40+00:00,2022,1,0,102,102,45,57,,1,5
backstage:prs:8822,backstage,pull_request,8822,2022-01-08 23:11:31+00:00,2022-01-14 15:29:13+00:00,2022,1,0,103,103,46,57,,1,5
backstage:prs:8823,backstage,pull_request,8823,2022-01-09 12:05:53+00:00,2022-01-09 12:57:49+00:00,2022,1,0,104,104,47,57,,1,6
backstage:prs:8824,backstage,pull_request,8824,2022-01-09 14:23:08+00:00,2022-01-10 06:33:31+00:00,2022,1,0,105,105,47,58,,1,6
backstage:prs:8825,backstage,pull_request,8825,2022-01-09 15:19:39+00:00,2022-01-10 13:27:21+00:00,2022,1,0,106,106,48,58,,1,6
backstage:prs:8826,backstage,pull_request,8826,2022-01-09 16:51:34+00:00,2022-01-10 12:37:55+00:00,2022,1,0,107,107,49,58,,1,6
backstage:issues:8827,backstage,issue,8827,2022-01-09 20:12:03+00:00,2022-02-10 12:07:18+00:00,2022,0,1,108,108,50,58,,1,6
backstage:issues:8828,backstage,issue,8828,2022-01-09 20:12:04+00:00,2022-01-11 00:16:44+00:00,2022,1,0,109,109,51,58,,1,6
backstage:issues:8829,backstage,issue,8829,2022-01-09 20:12:07+00:00,2022-01-10 09:54:25+00:00,2022,1,0,110,110,52,58,,1,6
backstage:prs:8830,backstage,pull_request,8830,2022-01-09 21:15:12+00:00,2022-01-10 09:54:26+00:00,2022,1,0,111,111,53,58,,1,6
backstage:issues:8831,backstage,issue,8831,2022-01-10 01:27:59+00:00,2022-03-02 17:46:44+00:00,2022,0,1,112,112,54,58,,1,0
backstage:prs:8832,backstage,pull_request,8832,2022-01-10 01:50:45+00:00,2022-01-10 09:56:09+00:00,2022,1,0,113,113,55,58,,1,0
backstage:prs:8833,backstage,pull_request,8833,2022-01-10 04:14:00+00:00,2022-01-10 06:19:34+00:00,2022,1,0,114,114,56,58,,1,0
backstage:prs:8834,backstage,pull_request,8834,2022-01-10 04:16:24+00:00,2022-01-10 06:19:12+00:00,2022,1,0,115,115,57,58,,1,0
backstage:issues:8835,backstage,issue,8835,2022-01-10 06:19:36+00:00,2022-05-20 03:43:19+00:00,2022,0,1,116,116,56,60,,1,0
backstage:prs:8836,backstage,pull_request,8836,2022-01-10 09:00:52+00:00,2022-01-10 10:17:34+00:00,2022,1,0,117,117,55,62,,1,0
backstage:prs:8837,backstage,pull_request,8837,2022-01-10 10:02:15+00:00,2022-01-12 09:46:03+00:00,2022,1,0,118,118,51,67,,1,0
backstage:prs:8838,backstage,pull_request,8838,2022-01-10 10:29:48+00:00,2022-01-10 13:56:21+00:00,2022,1,0,119,119,51,68,,1,0
backstage:issues:8842,backstage,issue,8842,2022-01-10 13:38:31+00:00,2022-09-30 08:58:36+00:00,2022,0,1,120,120,47,73,,1,0
backstage:issues:8843,backstage,issue,8843,2022-01-10 14:18:16+00:00,2022-01-13 15:23:46+00:00,2022,1,0,121,121,47,74,,1,0
backstage:issues:8846,backstage,issue,8846,2022-01-10 15:06:03+00:00,2022-01-13 15:23:01+00:00,2022,1,0,122,122,47,75,,1,0
backstage:issues:8848,backstage,issue,8848,2022-01-10 15:27:25+00:00,2022-01-11 15:43:06+00:00,2022,1,0,123,123,48,75,,1,0
backstage:issues:8850,backstage,issue,8850,2022-01-10 16:29:57+00:00,2022-03-30 13:51:42+00:00,2022,0,1,124,124,47,77,,1,0
backstage:issues:8851,backstage,issue,8851,2022-01-10 16:37:00+00:00,2022-03-22 15:30:48+00:00,2022,0,1,125,125,47,78,,1,0
backstage:issues:8855,backstage,issue,8855,2022-01-10 19:35:05+00:00,2022-01-11 15:57:17+00:00,2022,1,0,126,126,47,79,,1,0
backstage:issues:8856,backstage,issue,8856,2022-01-10 22:32:49+00:00,2022-01-13 20:26:52+00:00,2022,1,0,127,127,48,79,,1,0
backstage:issues:8857,backstage,issue,8857,2022-01-10 23:40:29+00:00,2022-03-21 21:53:44+00:00,2022,0,1,128,128,49,79,,1,0
backstage:issues:8861,backstage,issue,8861,2022-01-11 05:24:13+00:00,2022-03-16 10:27:45+00:00,2022,0,1,129,129,49,80,,1,1
luigi:issues:3136,luigi,issue,3136,2022-01-11 10:25:54+00:00,,2022,0,1,0,0,0,0,,1,1
backstage:issues:8867,backstage,issue,8867,2022-01-11 15:01:01+00:00,2022-03-21 16:28:47+00:00,2022,0,1,130,130,46,84,,1,1
backstage:issues:8869,backstage,issue,8869,2022-01-11 15:57:27+00:00,2022-01-27 10:20:02+00:00,2022,1,0,131,131,45,86,,1,1
backstage:issues:8870,backstage,issue,8870,2022-01-11 16:01:25+00:00,2022-03-15 08:36:04+00:00,2022,0,1,132,132,46,86,,1,1
backstage:issues:8882,backstage,issue,8882,2022-01-12 10:06:50+00:00,2022-01-17 13:26:40+00:00,2022,1,0,133,133,45,88,,1,2
backstage:issues:8885,backstage,issue,8885,2022-01-12 12:58:57+00:00,2022-01-13 12:51:34+00:00,2022,1,0,134,134,45,89,,1,2
backstage:issues:8889,backstage,issue,8889,2022-01-12 15:13:58+00:00,2022-01-12 15:51:32+00:00,2022,1,0,135,135,46,89,,1,2
backstage:issues:8890,backstage,issue,8890,2022-01-12 16:04:48+00:00,2023-08-11 12:54:32+00:00,2022,0,1,136,136,46,90,,1,2
backstage:issues:8891,backstage,issue,8891,2022-01-12 16:09:18+00:00,2022-01-13 12:12:26+00:00,2022,1,0,137,137,47,90,,1,2
backstage:issues:8892,backstage,issue,8892,2022-01-12 16:09:20+00:00,2022-01-17 12:07:43+00:00,2022,1,0,138,138,48,90,,1,2
backstage:issues:8893,backstage,issue,8893,2022-01-12 16:09:26+00:00,2022-01-15 12:08:20+00:00,2022,1,0,139,139,49,90,,1,2
backstage:issues:8894,backstage,issue,8894,2022-01-12 18:16:26+00:00,2023-01-27 09:34:54+00:00,2022,0,1,140,140,50,90,,1,2
backstage:issues:8895,backstage,issue,8895,2022-01-12 19:38:51+00:00,2022-01-14 17:57:19+00:00,2022,1,0,141,141,51,90,,1,2
backstage:issues:8896,backstage,issue,8896,2022-01-12 22:42:40+00:00,2022-01-17 17:10:46+00:00,2022,1,0,142,142,52,90,,1,2
backstage:issues:8906,backstage,issue,8906,2022-01-13 10:53:07+00:00,2022-01-14 09:17:22+00:00,2022,1,0,143,143,51,92,,1,3
backstage:issues:8914,backstage,issue,8914,2022-01-13 13:35:52+00:00,2022-09-20 14:20:17+00:00,2022,0,1,144,144,49,95,,1,3
backstage:issues:8920,backstage,issue,8920,2022-01-13 17:47:02+00:00,2022-01-24 10:50:27+00:00,2022,1,0,145,145,46,99,,1,3
luigi:prs:3137,luigi,pull_request,3137,2022-01-14 02:44:38+00:00,2022-01-14 03:04:22+00:00,2022,1,0,1,1,1,0,,1,4
backstage:issues:8929,backstage,issue,8929,2022-01-14 07:57:14+00:00,2022-02-15 14:36:18+00:00,2022,0,1,146,146,43,103,,1,4
backstage:issues:8933,backstage,issue,8933,2022-01-14 11:42:14+00:00,2022-02-17 15:28:40+00:00,2022,0,1,147,147,43,104,,1,4
backstage:issues:8955,backstage,issue,8955,2022-01-16 20:07:38+00:00,2022-01-19 20:08:07+00:00,2022,1,0,148,148,38,110,,1,6
backstage:issues:8956,backstage,issue,8956,2022-01-16 20:07:38+00:00,2022-01-19 20:08:06+00:00,2022,1,0,149,149,39,110,,1,6
backstage:issues:8968,backstage,issue,8968,2022-01-17 16:10:43+00:00,2022-01-18 07:26:23+00:00,2022,1,0,150,150,36,114,,1,0
backstage:issues:8975,backstage,issue,8975,2022-01-17 20:07:06+00:00,2022-01-17 23:01:31+00:00,2022,1,0,151,151,36,115,,1,0
backstage:issues:8979,backstage,issue,8979,2022-01-17 21:08:42+00:00,2022-01-17 21:10:09+00:00,2022,1,0,152,152,37,115,,1,0
backstage:issues:8985,backstage,issue,8985,2022-01-18 00:14:07+00:00,2022-01-24 20:04:14+00:00,2022,1,0,153,153,36,117,,1,1
backstage:issues:8986,backstage,issue,8986,2022-01-18 04:13:46+00:00,2022-01-28 10:24:59+00:00,2022,1,0,154,154,37,117,,1,1
backstage:issues:9009,backstage,issue,9009,2022-01-18 16:55:41+00:00,2022-01-21 16:49:28+00:00,2022,1,0,155,155,37,118,,1,1
backstage:issues:9014,backstage,issue,9014,2022-01-18 23:49:32+00:00,2022-01-21 00:22:20+00:00,2022,1,0,156,156,37,119,,1,1
luigi:issues:3138,luigi,issue,3138,2022-01-19 12:02:03+00:00,,2022,0,1,2,2,1,1,,1,2
backstage:issues:9030,backstage,issue,9030,2022-01-19 13:05:04+00:00,2022-01-21 11:15:01+00:00,2022,1,0,157,157,37,120,,1,2
backstage:issues:9034,backstage,issue,9034,2022-01-19 16:51:54+00:00,2022-03-27 17:07:55+00:00,2022,0,1,158,158,37,121,,1,2
backstage:issues:9039,backstage,issue,9039,2022-01-19 17:54:36+00:00,2022-03-28 15:05:24+00:00,2022,0,1,159,159,38,121,,1,2
backstage:issues:9040,backstage,issue,9040,2022-01-19 18:32:38+00:00,2022-01-20 17:15:47+00:00,2022,1,0,160,160,39,121,,1,2
backstage:issues:9044,backstage,issue,9044,2022-01-19 22:46:08+00:00,2022-01-20 17:25:29+00:00,2022,1,0,161,161,38,123,,1,2
luigi:issues:3139,luigi,issue,3139,2022-01-20 15:07:46+00:00,,2022,0,1,3,3,2,1,,1,3
backstage:issues:9060,backstage,issue,9060,2022-01-20 16:51:40+00:00,2022-02-11 13:18:31+00:00,2022,1,0,162,162,38,124,,1,3
backstage:issues:9085,backstage,issue,9085,2022-01-21 09:45:34+00:00,2022-01-21 10:50:24+00:00,2022,1,0,163,163,36,127,,1,4
backstage:issues:9086,backstage,issue,9086,2022-01-21 11:31:24+00:00,2023-04-07 10:17:00+00:00,2022,0,1,164,164,35,129,,1,4
backstage:issues:9087,backstage,issue,9087,2022-01-21 11:45:37+00:00,2022-04-01 17:46:04+00:00,2022,0,1,165,165,36,129,,1,4
backstage:issues:9088,backstage,issue,9088,2022-01-21 12:24:35+00:00,2022-01-21 13:17:03+00:00,2022,1,0,166,166,37,129,,1,4
backstage:issues:9090,backstage,issue,9090,2022-01-21 13:59:18+00:00,2022-10-17 09:06:47+00:00,2022,0,1,167,167,37,130,,1,4
backstage:issues:9093,backstage,issue,9093,2022-01-21 14:45:15+00:00,2022-01-28 13:39:48+00:00,2022,1,0,168,168,38,130,,1,4
backstage:issues:9097,backstage,issue,9097,2022-01-21 17:21:28+00:00,2022-01-22 11:31:57+00:00,2022,1,0,169,169,38,131,,1,4
luigi:prs:3140,luigi,pull_request,3140,2022-01-21 22:13:19+00:00,2022-12-29 00:39:55+00:00,2022,0,1,4,4,3,1,,1,4
backstage:issues:9116,backstage,issue,9116,2022-01-22 04:26:52+00:00,2022-01-26 11:09:27+00:00,2022,1,0,170,170,39,131,,1,5
backstage:issues:9119,backstage,issue,9119,2022-01-23 13:23:07+00:00,2022-02-24 10:40:34+00:00,2022,0,1,171,171,39,132,,1,6
backstage:issues:9129,backstage,issue,9129,2022-01-24 08:43:24+00:00,2022-01-31 12:55:12+00:00,2022,1,0,172,172,40,132,,1,0
backstage:issues:9132,backstage,issue,9132,2022-01-24 09:41:58+00:00,2022-03-30 13:34:25+00:00,2022,0,1,173,173,41,132,,1,0
backstage:issues:9138,backstage,issue,9138,2022-01-24 12:12:47+00:00,2022-04-09 09:28:37+00:00,2022,0,1,174,174,41,133,,1,0
backstage:issues:9139,backstage,issue,9139,2022-01-24 12:32:08+00:00,2022-02-18 13:14:37+00:00,2022,1,0,175,175,42,133,,1,0
backstage:issues:9146,backstage,issue,9146,2022-01-24 17:59:28+00:00,2022-01-27 14:02:08+00:00,2022,1,0,176,176,43,133,,1,0
luigi:issues:3141,luigi,issue,3141,2022-01-24 18:39:45+00:00,,2022,0,1,5,5,4,1,,1,0
backstage:issues:9147,backstage,issue,9147,2022-01-24 21:11:31+00:00,2022-04-09 08:53:42+00:00,2022,0,1,177,177,43,134,,1,0
backstage:issues:9157,backstage,issue,9157,2022-01-25 05:39:01+00:00,2022-02-17 08:55:15+00:00,2022,1,0,178,178,44,134,,1,1
backstage:issues:9161,backstage,issue,9161,2022-01-25 12:23:20+00:00,2023-05-15 08:55:30+00:00,2022,0,1,179,179,45,134,,1,1
backstage:issues:9162,backstage,issue,9162,2022-01-25 12:59:52+00:00,2022-10-14 10:15:37+00:00,2022,0,1,180,180,46,134,,1,1
backstage:issues:9163,backstage,issue,9163,2022-01-25 14:39:23+00:00,2022-02-03 15:22:39+00:00,2022,1,0,181,181,47,134,,1,1
backstage:issues:9178,backstage,issue,9178,2022-01-26 05:44:11+00:00,2022-10-21 10:20:13+00:00,2022,0,1,182,182,48,134,,1,2
backstage:issues:9186,backstage,issue,9186,2022-01-26 18:38:18+00:00,2022-01-27 20:27:57+00:00,2022,1,0,183,183,48,135,,1,2
backstage:issues:9187,backstage,issue,9187,2022-01-26 19:02:34+00:00,2022-01-27 15:10:32+00:00,2022,1,0,184,184,49,135,,1,2
backstage:issues:9188,backstage,issue,9188,2022-01-26 20:04:31+00:00,2022-02-04 12:04:39+00:00,2022,1,0,185,185,50,135,,1,2
backstage:issues:9197,backstage,issue,9197,2022-01-27 06:00:56+00:00,2022-01-28 20:43:12+00:00,2022,1,0,186,186,51,135,,1,3
backstage:issues:9198,backstage,issue,9198,2022-01-27 08:00:36+00:00,2022-05-16 14:17:39+00:00,2022,0,1,187,187,52,135,,1,3
backstage:issues:9204,backstage,issue,9204,2022-01-27 15:32:17+00:00,2022-02-14 06:38:11+00:00,2022,1,0,188,188,49,139,,1,3
backstage:issues:9208,backstage,issue,9208,2022-01-27 17:17:57+00:00,2022-07-18 12:54:24+00:00,2022,0,1,189,189,50,139,,1,3
backstage:issues:9226,backstage,issue,9226,2022-01-28 10:00:06+00:00,2022-02-09 18:33:49+00:00,2022,1,0,190,190,50,140,,1,4
backstage:issues:9227,backstage,issue,9227,2022-01-28 10:08:21+00:00,2022-04-25 11:45:46+00:00,2022,0,1,191,191,51,140,,1,4
backstage:issues:9228,backstage,issue,9228,2022-01-28 11:06:06+00:00,2022-04-07 12:01:23+00:00,2022,0,1,192,192,51,141,,1,4
backstage:issues:9245,backstage,issue,9245,2022-01-28 18:59:55+00:00,2023-02-22 21:00:49+00:00,2022,0,1,193,193,51,142,,1,4
backstage:issues:9248,backstage,issue,9248,2022-01-28 23:14:30+00:00,2022-05-13 20:53:57+00:00,2022,0,1,194,194,51,143,,1,4
luigi:prs:3142,luigi,pull_request,3142,2022-01-29 02:26:30+00:00,2022-03-12 04:16:32+00:00,2022,0,1,6,6,5,1,,1,5
backstage:issues:9249,backstage,issue,9249,2022-01-29 04:56:24+00:00,2022-02-04 12:12:14+00:00,2022,1,0,195,195,52,143,,1,5
backstage:issues:9250,backstage,issue,9250,2022-01-29 07:17:49+00:00,2022-09-09 13:58:56+00:00,2022,0,1,196,196,53,143,,1,5
backstage:issues:9276,backstage,issue,9276,2022-01-31 16:44:04+00:00,2022-02-11 13:36:10+00:00,2022,1,0,197,196,53,144,1.0,1,0
backstage:issues:9278,backstage,issue,9278,2022-01-31 17:15:13+00:00,2022-05-16 18:41:56+00:00,2022,0,1,198,197,54,144,1.0,1,0
backstage:issues:9280,backstage,issue,9280,2022-01-31 20:42:35+00:00,2022-02-11 16:08:57+00:00,2022,1,0,199,198,55,144,1.0,1,0
luigi:prs:3143,luigi,pull_request,3143,2022-02-02 19:48:47+00:00,2022-02-03 20:18:00+00:00,2022,1,0,7,7,6,1,,2,2
luigi:prs:3144,luigi,pull_request,3144,2022-02-04 10:21:48+00:00,2022-03-12 03:41:43+00:00,2022,0,1,8,8,6,2,,2,4
luigi:issues:3145,luigi,issue,3145,2022-02-15 14:52:23+00:00,,2022,0,1,9,7,7,2,0.5,2,1
luigi:prs:3146,luigi,pull_request,3146,2022-02-18 01:53:29+00:00,2022-03-12 03:56:04+00:00,2022,1,0,10,8,8,2,0.5,2,4
luigi:prs:3147,luigi,pull_request,3147,2022-02-21 22:08:46+00:00,2022-03-12 03:29:09+00:00,2022,1,0,11,6,9,2,0.2,2,0
luigi:issues:3148,luigi,issue,3148,2022-02-23 13:07:31+00:00,2022-03-10 03:19:01+00:00,2022,1,0,12,7,10,2,0.2,2,2
luigi:prs:3149,luigi,pull_request,3149,2022-02-28 13:17:42+00:00,2022-03-01 17:40:33+00:00,2022,1,0,13,6,11,2,0.14285714285714285,2,0
luigi:prs:3150,luigi,pull_request,3150,2022-03-07 21:35:54+00:00,2022-03-10 03:18:57+00:00,2022,1,0,14,5,11,3,0.2222222222222222,3,0
luigi:prs:3151,luigi,pull_request,3151,2022-03-23 06:10:30+00:00,2022-03-23 12:42:25+00:00,2022,1,0,15,4,6,9,0.2727272727272727,3,2
luigi:prs:3152,luigi,pull_request,3152,2022-03-23 19:19:48+00:00,,2022,0,1,16,5,6,10,0.2727272727272727,3,2
luigi:prs:3153,luigi,pull_request,3153,2022-03-27 23:38:58+00:00,2022-04-28 01:11:09+00:00,2022,0,1,17,4,7,10,0.38461538461538464,3,6
luigi:prs:3154,luigi,pull_request,3154,2022-04-12 13:02:31+00:00,2022-04-28 22:59:10+00:00,2022,1,0,18,3,8,10,0.4666666666666667,4,1
luigi:issues:3155,luigi,issue,3155,2022-04-13 18:58:52+00:00,2022-04-21 01:10:42+00:00,2022,1,0,19,4,9,10,0.4666666666666667,4,2
luigi:prs:3156,luigi,pull_request,3156,2022-04-13 22:16:43+00:00,2022-04-28 18:27:32+00:00,2022,1,0,20,5,10,10,0.4666666666666667,4,2
luigi:prs:3157,luigi,pull_request,3157,2022-04-14 16:56:10+00:00,2022-04-28 02:47:28+00:00,2022,1,0,21,6,11,10,0.4666666666666667,4,3
luigi:prs:3158,luigi,pull_request,3158,2022-04-17 17:31:49+00:00,2022-04-27 13:29:45+00:00,2022,1,0,22,7,12,10,0.4666666666666667,4,6
luigi:prs:3159,luigi,pull_request,3159,2022-04-17 17:43:04+00:00,2022-04-29 00:17:10+00:00,2022,1,0,23,8,13,10,0.4666666666666667,4,6
luigi:issues:3160,luigi,issue,3160,2022-05-09 02:26:53+00:00,2022-05-10 09:55:36+00:00,2022,1,0,24,6,7,17,0.4444444444444444,5,0
luigi:issues:3161,luigi,issue,3161,2022-05-09 15:29:45+00:00,2022-05-12 12:20:00+00:00,2022,1,0,25,7,8,17,0.4444444444444444,5,0
luigi:prs:3162,luigi,pull_request,3162,2022-05-09 21:18:42+00:00,2022-05-09 21:28:30+00:00,2022,1,0,26,8,9,17,0.4444444444444444,5,0
luigi:prs:3163,luigi,pull_request,3163,2022-05-09 21:35:27+00:00,2022-05-12 12:19:33+00:00,2022,1,0,27,9,9,18,0.4444444444444444,5,0
luigi:issues:3164,luigi,issue,3164,2022-05-10 09:03:11+00:00,2022-05-10 09:03:24+00:00,2022,1,0,28,10,10,18,0.4444444444444444,5,1
luigi:issues:3165,luigi,issue,3165,2022-05-11 16:49:27+00:00,,2022,0,1,29,11,9,20,0.4444444444444444,5,2
luigi:issues:3166,luigi,issue,3166,2022-05-19 06:21:04+00:00,,2022,0,1,30,6,8,22,0.5833333333333334,5,3
luigi:issues:3167,luigi,issue,3167,2022-05-27 12:32:00+00:00,,2022,0,1,31,7,9,22,0.5833333333333334,5,4
luigi:prs:3168,luigi,pull_request,3168,2022-05-29 11:42:55+00:00,,2022,0,1,32,8,10,22,0.5833333333333334,5,6
luigi:prs:3169,luigi,pull_request,3169,2022-05-30 11:30:41+00:00,,2022,0,1,33,9,11,22,0.5833333333333334,5,0
luigi:prs:3170,luigi,pull_request,3170,2022-06-03 16:50:33+00:00,2022-06-04 03:23:40+00:00,2022,1,0,34,10,12,22,0.5833333333333334,6,4
luigi:prs:3171,luigi,pull_request,3171,2022-06-04 17:27:16+00:00,2022-06-20 12:06:35+00:00,2022,1,0,35,11,12,23,0.5833333333333334,6,5
luigi:prs:3172,luigi,pull_request,3172,2022-06-08 07:09:34+00:00,2023-06-08 12:12:20+00:00,2022,0,1,36,11,13,23,0.6,6,2
luigi:issues:3173,luigi,issue,3173,2022-06-09 13:15:46+00:00,2022-06-23 01:26:27+00:00,2022,1,0,37,8,14,23,0.6551724137931034,6,3
luigi:prs:3174,luigi,pull_request,3174,2022-06-10 15:29:31+00:00,2023-02-09 01:04:07+00:00,2022,0,1,38,9,15,23,0.6551724137931034,6,4
luigi:prs:3175,luigi,pull_request,3175,2022-06-10 17:54:15+00:00,2022-06-23 01:26:27+00:00,2022,1,0,39,9,16,23,0.6333333333333333,6,4
luigi:prs:3176,luigi,pull_request,3176,2022-06-10 18:18:57+00:00,2023-01-30 18:09:03+00:00,2022,0,1,40,10,17,23,0.6333333333333333,6,4
luigi:prs:3177,luigi,pull_request,3177,2022-06-13 17:00:48+00:00,2022-06-23 01:38:08+00:00,2022,1,0,41,11,18,23,0.6333333333333333,6,0
luigi:prs:3178,luigi,pull_request,3178,2022-06-21 14:27:16+00:00,2022-06-24 01:13:15+00:00,2022,1,0,42,11,18,24,0.6129032258064516,6,1
luigi:prs:3179,luigi,pull_request,3179,2022-06-26 14:57:20+00:00,2022-09-12 23:14:07+00:00,2022,0,1,43,11,15,28,0.59375,6,6
luigi:prs:3180,luigi,pull_request,3180,2022-06-29 19:50:41+00:00,2022-06-29 19:51:15+00:00,2022,1,0,44,10,16,28,0.5588235294117647,6,2
luigi:prs:3181,luigi,pull_request,3181,2022-06-29 19:52:00+00:00,2022-06-29 23:20:46+00:00,2022,1,0,45,11,16,29,0.5588235294117647,6,2
luigi:issues:3182,luigi,issue,3182,2022-07-11 13:43:11+00:00,2022-07-15 11:50:57+00:00,2022,1,0,46,5,16,30,0.5609756097560976,7,0
luigi:prs:3183,luigi,pull_request,3183,2022-07-11 14:01:07+00:00,2022-07-11 14:37:40+00:00,2022,1,0,47,6,17,30,0.5609756097560976,7,0
luigi:prs:3184,luigi,pull_request,3184,2022-07-11 14:07:30+00:00,2025-11-26 13:42:49+00:00,2022,0,1,48,7,18,30,0.5609756097560976,7,0
luigi:prs:3185,luigi,pull_request,3185,2022-07-11 14:36:14+00:00,2022-07-15 11:50:39+00:00,2022,1,0,49,8,19,30,0.5609756097560976,7,0
luigi:prs:3186,luigi,pull_request,3186,2022-07-14 07:58:10+00:00,2022-07-14 13:06:41+00:00,2022,1,0,50,8,19,31,0.5714285714285714,7,3
luigi:issues:3187,luigi,issue,3187,2022-07-21 08:33:04+00:00,,2022,0,1,51,9,17,34,0.5714285714285714,7,3
luigi:prs:3188,luigi,pull_request,3188,2022-07-23 16:21:47+00:00,2022-09-07 07:57:11+00:00,2022,0,1,52,9,18,34,0.5813953488372093,7,5
luigi:issues:3189,luigi,issue,3189,2022-08-05 09:34:03+00:00,2022-12-13 07:21:26+00:00,2022,0,1,53,7,19,34,0.5869565217391305,8,4
luigi:issues:3190,luigi,issue,3190,2022-08-17 19:23:46+00:00,,2022,0,1,54,3,20,34,0.6078431372549019,8,2
luigi:prs:3191,luigi,pull_request,3191,2022-08-18 06:26:09+00:00,2022-08-18 06:29:09+00:00,2022,1,0,55,4,21,34,0.6078431372549019,8,3
luigi:prs:3192,luigi,pull_request,3192,2022-08-18 06:29:51+00:00,2022-08-18 09:25:36+00:00,2022,1,0,56,5,21,35,0.6078431372549019,8,3
luigi:prs:3193,luigi,pull_request,3193,2022-08-18 06:41:54+00:00,2022-08-18 08:18:16+00:00,2022,1,0,57,6,22,35,0.6078431372549019,8,3
luigi:issues:3194,luigi,issue,3194,2022-08-29 20:56:21+00:00,,2022,0,1,58,5,21,37,0.5849056603773585,8,0
luigi:prs:3195,luigi,pull_request,3195,2022-08-30 09:00:14+00:00,2022-08-30 09:08:52+00:00,2022,1,0,59,6,22,37,0.5849056603773585,8,1
luigi:prs:3196,luigi,pull_request,3196,2022-09-01 11:55:21+00:00,2022-09-08 11:40:41+00:00,2022,1,0,60,7,22,38,0.5849056603773585,9,3
luigi:prs:3197,luigi,pull_request,3197,2022-09-04 11:32:02+00:00,2022-09-08 07:44:23+00:00,2022,1,0,61,7,23,38,0.5740740740740741,9,6
luigi:issues:3198,luigi,issue,3198,2022-09-07 14:19:58+00:00,2024-11-30 01:22:05+00:00,2022,0,1,62,8,23,39,0.5740740740740741,9,2
luigi:prs:3199,luigi,pull_request,3199,2022-09-22 17:59:55+00:00,2022-09-22 18:00:14+00:00,2022,1,0,63,5,21,42,0.5862068965517241,9,3
luigi:issues:3200,luigi,issue,3200,2022-09-23 10:37:37+00:00,,2022,0,1,64,6,21,43,0.5862068965517241,9,4
luigi:issues:3201,luigi,issue,3201,2022-10-22 16:31:18+00:00,,2022,0,1,65,2,22,43,0.5873015873015873,10,5
luigi:issues:3202,luigi,issue,3202,2022-10-27 16:22:49+00:00,2022-11-04 00:56:21+00:00,2022,1,0,66,1,23,43,0.5846153846153846,10,3
luigi:issues:3203,luigi,issue,3203,2022-10-28 11:27:38+00:00,,2022,0,1,67,2,24,43,0.5846153846153846,10,4
luigi:prs:3204,luigi,pull_request,3204,2022-11-03 11:42:48+00:00,2022-11-04 00:56:14+00:00,2022,1,0,68,3,25,43,0.5846153846153846,11,3
luigi:issues:3205,luigi,issue,3205,2022-11-08 21:09:50+00:00,,2022,0,1,69,4,24,45,0.5846153846153846,11,1
luigi:issues:3206,luigi,issue,3206,2022-11-08 21:19:30+00:00,,2022,0,1,70,5,25,45,0.5846153846153846,11,1
luigi:prs:3207,luigi,pull_request,3207,2022-11-10 15:21:44+00:00,2022-11-11 16:03:18+00:00,2022,1,0,71,6,26,45,0.5846153846153846,11,3
luigi:issues:3208,luigi,issue,3208,2022-11-12 01:10:26+00:00,,2022,0,1,72,7,26,46,0.5846153846153846,11,5
luigi:prs:3209,luigi,pull_request,3209,2022-11-24 13:18:36+00:00,2022-11-24 13:50:02+00:00,2022,1,0,73,7,27,46,0.5757575757575758,11,3
luigi:issues:3210,luigi,issue,3210,2022-11-28 00:46:10+00:00,,2022,0,1,74,6,27,47,0.5735294117647058,11,0
luigi:prs:3211,luigi,pull_request,3211,2022-12-01 14:52:47+00:00,2022-12-02 02:59:04+00:00,2022,1,0,75,7,28,47,0.5735294117647058,12,3
luigi:issues:3212,luigi,issue,3212,2022-12-06 22:51:20+00:00,,2022,0,1,76,7,28,48,0.5797101449275363,12,1
luigi:issues:3213,luigi,issue,3213,2022-12-13 07:39:23+00:00,2023-02-23 12:49:51+00:00,2022,0,1,77,4,28,49,0.5616438356164384,12,1
luigi:prs:3214,luigi,pull_request,3214,2022-12-13 11:48:50+00:00,2023-01-03 14:46:24+00:00,2022,1,0,78,5,29,49,0.5616438356164384,12,1
luigi:prs:3215,luigi,pull_request,3215,2022-12-28 22:42:12+00:00,2022-12-29 00:51:16+00:00,2022,1,0,79,4,30,49,0.56,12,2
backstage:prs:15480,backstage,pull_request,15480,2023-01-01 19:26:55+00:00,2023-01-01 19:55:42+00:00,2023,1,0,200,0,5,195,0.785,1,6
backstage:prs:15481,backstage,pull_request,15481,2023-01-01 19:57:06+00:00,2023-01-02 09:58:30+00:00,2023,1,0,201,1,5,196,0.785,1,6
backstage:prs:15482,backstage,pull_request,15482,2023-01-01 20:06:51+00:00,2023-01-01 20:43:22+00:00,2023,1,0,202,2,6,196,0.785,1,6
backstage:prs:15483,backstage,pull_request,15483,2023-01-01 20:39:40+00:00,2023-01-02 13:25:32+00:00,2023,1,0,203,3,7,196,0.785,1,6
backstage:prs:15484,backstage,pull_request,15484,2023-01-01 21:44:16+00:00,2023-05-23 15:13:02+00:00,2023,0,1,204,4,7,197,0.785,1,6
backstage:prs:15485,backstage,pull_request,15485,2023-01-01 23:42:50+00:00,2023-01-02 00:24:27+00:00,2023,1,0,205,5,8,197,0.785,1,6
backstage:prs:15486,backstage,pull_request,15486,2023-01-02 00:35:53+00:00,2023-01-02 01:16:57+00:00,2023,1,0,206,6,8,198,0.785,1,0
backstage:prs:15487,backstage,pull_request,15487,2023-01-02 01:27:55+00:00,2023-01-02 02:17:57+00:00,2023,1,0,207,7,8,199,0.785,1,0
backstage:prs:15488,backstage,pull_request,15488,2023-01-02 02:28:33+00:00,2023-01-02 03:03:03+00:00,2023,1,0,208,8,8,200,0.785,1,0
backstage:prs:15489,backstage,pull_request,15489,2023-01-02 03:13:51+00:00,2023-01-02 03:51:18+00:00,2023,1,0,209,9,8,201,0.785,1,0
backstage:prs:15490,backstage,pull_request,15490,2023-01-02 04:02:38+00:00,2023-01-02 04:37:04+00:00,2023,1,0,210,10,8,202,0.785,1,0
backstage:prs:15491,backstage,pull_request,15491,2023-01-02 04:47:58+00:00,2023-01-02 05:16:03+00:00,2023,1,0,211,11,8,203,0.785,1,0
backstage:prs:15492,backstage,pull_request,15492,2023-01-02 05:26:46+00:00,2023-01-02 05:52:10+00:00,2023,1,0,212,12,8,204,0.785,1,0
backstage:prs:15493,backstage,pull_request,15493,2023-01-02 06:02:28+00:00,2023-01-02 06:30:17+00:00,2023,1,0,213,13,8,205,0.785,1,0
backstage:prs:15494,backstage,pull_request,15494,2023-01-02 06:41:21+00:00,2023-01-02 07:17:42+00:00,2023,1,0,214,14,8,206,0.785,1,0
backstage:prs:15495,backstage,pull_request,15495,2023-01-02 07:28:21+00:00,2023-01-02 08:08:34+00:00,2023,1,0,215,15,8,207,0.785,1,0
backstage:prs:15496,backstage,pull_request,15496,2023-01-02 08:19:18+00:00,2023-01-02 08:51:58+00:00,2023,1,0,216,16,8,208,0.785,1,0
backstage:prs:15497,backstage,pull_request,15497,2023-01-02 09:02:56+00:00,2023-01-02 09:32:56+00:00,2023,1,0,217,17,8,209,0.785,1,0
backstage:prs:15500,backstage,pull_request,15500,2023-01-02 09:43:46+00:00,2023-01-02 10:20:44+00:00,2023,1,0,218,18,8,210,0.785,1,0
backstage:prs:15501,backstage,pull_request,15501,2023-01-02 10:32:14+00:00,2023-01-05 11:45:35+00:00,2023,1,0,219,19,7,212,0.785,1,0
backstage:prs:15502,backstage,pull_request,15502,2023-01-02 12:28:35+00:00,2023-01-02 12:34:42+00:00,2023,1,0,220,20,8,212,0.785,1,0
backstage:prs:15503,backstage,pull_request,15503,2023-01-02 13:22:06+00:00,2023-01-02 13:42:01+00:00,2023,1,0,221,21,8,213,0.785,1,0
backstage:prs:15504,backstage,pull_request,15504,2023-01-02 13:28:55+00:00,2023-01-02 13:42:13+00:00,2023,1,0,222,22,8,214,0.785,1,0
backstage:prs:15505,backstage,pull_request,15505,2023-01-02 15:10:31+00:00,2023-01-03 08:57:29+00:00,2023,1,0,223,23,7,216,0.785,1,0
backstage:prs:15506,backstage,pull_request,15506,2023-01-02 15:36:16+00:00,2023-01-03 13:13:19+00:00,2023,1,0,224,24,8,216,0.785,1,0
backstage:prs:15507,backstage,pull_request,15507,2023-01-02 16:42:31+00:00,2023-01-04 13:23:44+00:00,2023,1,0,225,25,9,216,0.785,1,0
backstage:prs:15508,backstage,pull_request,15508,2023-01-02 16:54:53+00:00,2023-01-02 17:26:57+00:00,2023,1,0,226,26,10,216,0.785,1,0
backstage:prs:15509,backstage,pull_request,15509,2023-01-02 17:38:01+00:00,2023-01-02 18:23:35+00:00,2023,1,0,227,27,10,217,0.785,1,0
backstage:prs:15510,backstage,pull_request,15510,2023-01-02 17:39:32+00:00,2023-01-02 18:11:43+00:00,2023,1,0,228,28,11,217,0.785,1,0
backstage:prs:15511,backstage,pull_request,15511,2023-01-02 18:22:26+00:00,2023-01-18 08:27:33+00:00,2023,1,0,229,29,11,218,0.785,1,0
backstage:prs:15512,backstage,pull_request,15512,2023-01-02 18:35:27+00:00,2023-01-03 10:07:26+00:00,2023,1,0,230,30,11,219,0.785,1,0
backstage:prs:15513,backstage,pull_request,15513,2023-01-02 20:21:11+00:00,2023-01-27 10:11:39+00:00,2023,1,0,231,31,12,219,0.785,1,0
backstage:prs:15514,backstage,pull_request,15514,2023-01-02 21:21:08+00:00,2023-02-16 14:29:24+00:00,2023,0,1,232,32,13,219,0.785,1,0
backstage:prs:15515,backstage,pull_request,15515,2023-01-03 03:01:03+00:00,2023-03-14 14:23:16+00:00,2023,0,1,233,33,14,219,0.785,1,1
backstage:issues:15516,backstage,issue,15516,2023-01-03 03:50:10+00:00,2023-03-17 21:54:00+00:00,2023,0,1,234,34,15,219,0.785,1,1
backstage:issues:15517,backstage,issue,15517,2023-01-03 07:01:16+00:00,2023-03-20 14:17:20+00:00,2023,0,1,235,35,16,219,0.785,1,1
backstage:issues:15518,backstage,issue,15518,2023-01-03 09:14:27+00:00,,2023,0,1,236,36,16,220,0.785,1,1
backstage:prs:15519,backstage,pull_request,15519,2023-01-03 10:13:08+00:00,2023-08-29 14:54:11+00:00,2023,0,1,237,37,16,221,0.785,1,1
backstage:prs:15520,backstage,pull_request,15520,2023-01-03 10:54:12+00:00,2023-01-09 10:14:43+00:00,2023,1,0,238,38,17,221,0.785,1,1
backstage:issues:15521,backstage,issue,15521,2023-01-03 12:35:02+00:00,2023-03-27 15:28:27+00:00,2023,0,1,239,39,18,221,0.785,1,1
backstage:prs:15522,backstage,pull_request,15522,2023-01-03 12:39:40+00:00,2023-01-09 10:16:18+00:00,2023,1,0,240,40,19,221,0.785,1,1
backstage:prs:15523,backstage,pull_request,15523,2023-01-03 12:46:39+00:00,2023-01-09 13:43:20+00:00,2023,1,0,241,41,20,221,0.785,1,1
backstage:prs:15526,backstage,pull_request,15526,2023-01-03 13:12:06+00:00,2023-01-04 00:22:54+00:00,2023,1,0,242,42,21,221,0.785,1,1
backstage:prs:15527,backstage,pull_request,15527,2023-01-03 13:52:39+00:00,2023-01-03 16:32:54+00:00,2023,1,0,243,43,21,222,0.785,1,1
backstage:prs:15528,backstage,pull_request,15528,2023-01-03 14:34:55+00:00,2023-01-03 14:35:46+00:00,2023,1,0,244,44,22,222,0.785,1,1
backstage:prs:15529,backstage,pull_request,15529,2023-01-03 14:45:12+00:00,2023-01-04 11:04:26+00:00,2023,1,0,245,45,22,223,0.785,1,1
backstage:prs:15530,backstage,pull_request,15530,2023-01-03 14:46:01+00:00,2023-01-12 13:20:51+00:00,2023,1,0,246,46,23,223,0.785,1,1
luigi:prs:3216,luigi,pull_request,3216,2023-01-03 15:09:39+00:00,2023-02-23 12:49:49+00:00,2023,0,1,80,4,28,52,0.5657894736842105,1,1
backstage:prs:15531,backstage,pull_request,15531,2023-01-03 15:34:53+00:00,2023-02-09 21:25:35+00:00,2023,0,1,247,47,24,223,0.785,1,1
backstage:prs:15534,backstage,pull_request,15534,2023-01-03 16:43:19+00:00,2023-01-10 14:59:16+00:00,2023,1,0,248,48,24,224,0.785,1,1
backstage:prs:15535,backstage,pull_request,15535,2023-01-03 17:17:42+00:00,2023-01-11 10:29:28+00:00,2023,1,0,249,49,25,224,0.785,1,1
backstage:prs:15536,backstage,pull_request,15536,2023-01-03 18:58:50+00:00,2023-02-28 21:05:19+00:00,2023,0,1,250,50,26,224,0.785,1,1
backstage:prs:15537,backstage,pull_request,15537,2023-01-03 21:39:12+00:00,2023-01-04 13:23:10+00:00,2023,1,0,251,51,27,224,0.785,1,1
backstage:prs:15538,backstage,pull_request,15538,2023-01-04 00:33:55+00:00,2023-01-04 01:50:04+00:00,2023,1,0,252,52,27,225,0.785,1,2
backstage:prs:15539,backstage,pull_request,15539,2023-01-04 00:38:52+00:00,2023-01-04 09:06:43+00:00,2023,1,0,253,53,28,225,0.785,1,2
backstage:prs:15540,backstage,pull_request,15540,2023-01-04 00:40:09+00:00,2023-01-04 09:06:25+00:00,2023,1,0,254,54,29,225,0.785,1,2
backstage:prs:15541,backstage,pull_request,15541,2023-01-04 02:01:27+00:00,2023-01-04 02:36:51+00:00,2023,1,0,255,55,29,226,0.785,1,2
backstage:prs:15542,backstage,pull_request,15542,2023-01-04 05:46:48+00:00,2023-01-04 10:03:44+00:00,2023,1,0,256,56,29,227,0.785,1,2
backstage:issues:15543,backstage,issue,15543,2023-01-04 09:23:03+00:00,2023-01-11 19:02:59+00:00,2023,1,0,257,57,28,229,0.785,1,2
backstage:issues:15544,backstage,issue,15544,2023-01-04 09:25:43+00:00,2024-01-11 16:11:41+00:00,2023,0,1,258,58,29,229,0.785,1,2
backstage:prs:15545,backstage,pull_request,15545,2023-01-04 09:44:21+00:00,2023-01-04 14:42:53+00:00,2023,1,0,259,59,30,229,0.785,1,2
backstage:prs:15546,backstage,pull_request,15546,2023-01-04 10:24:15+00:00,2023-01-04 11:11:06+00:00,2023,1,0,260,60,30,230,0.785,1,2
backstage:prs:15547,backstage,pull_request,15547,2023-01-04 10:36:38+00:00,2023-01-04 11:11:10+00:00,2023,1,0,261,61,31,230,0.785,1,2
backstage:prs:15548,backstage,pull_request,15548,2023-01-04 11:15:17+00:00,2023-01-04 11:47:26+00:00,2023,1,0,262,62,29,233,0.785,1,2
backstage:issues:15549,backstage,issue,15549,2023-01-04 11:23:29+00:00,2023-01-07 14:49:09+00:00,2023,1,0,263,63,30,233,0.785,1,2
backstage:prs:15550,backstage,pull_request,15550,2023-01-04 11:26:47+00:00,2023-01-04 12:02:09+00:00,2023,1,0,264,64,31,233,0.785,1,2
backstage:prs:15551,backstage,pull_request,15551,2023-01-04 12:12:25+00:00,2023-01-04 12:57:00+00:00,2023,1,0,265,65,30,235,0.785,1,2
backstage:prs:15552,backstage,pull_request,15552,2023-01-04 12:13:36+00:00,2023-01-04 13:39:15+00:00,2023,1,0,266,66,31,235,0.785,1,2
backstage:issues:15553,backstage,issue,15553,2023-01-04 12:22:26+00:00,2023-01-10 13:30:49+00:00,2023,1,0,267,67,32,235,0.785,1,2
backstage:prs:15554,backstage,pull_request,15554,2023-01-04 13:08:20+00:00,2023-01-04 13:40:07+00:00,2023,1,0,268,68,32,236,0.785,1,2
backstage:prs:15555,backstage,pull_request,15555,2023-01-04 13:09:41+00:00,2023-01-05 07:25:41+00:00,2023,1,0,269,69,33,236,0.785,1,2
backstage:prs:15556,backstage,pull_request,15556,2023-01-04 13:45:10+00:00,2023-01-10 13:30:48+00:00,2023,1,0,270,70,30,240,0.785,1,2
backstage:prs:15557,backstage,pull_request,15557,2023-01-04 14:07:06+00:00,2023-01-10 08:59:36+00:00,2023,1,0,271,71,31,240,0.785,1,2
backstage:prs:15558,backstage,pull_request,15558,2023-01-04 14:09:46+00:00,2023-01-09 10:18:35+00:00,2023,1,0,272,72,32,240,0.785,1,2
backstage:prs:15559,backstage,pull_request,15559,2023-01-04 14:29:17+00:00,2023-01-10 09:55:53+00:00,2023,1,0,273,73,33,240,0.785,1,2
backstage:issues:15560,backstage,issue,15560,2023-01-04 15:48:42+00:00,2023-03-13 10:39:18+00:00,2023,0,1,274,74,33,241,0.785,1,2
backstage:prs:15561,backstage,pull_request,15561,2023-01-04 16:56:33+00:00,2023-02-28 10:27:03+00:00,2023,0,1,275,75,34,241,0.785,1,2
backstage:prs:15562,backstage,pull_request,15562,2023-01-04 17:26:35+00:00,2023-01-31 16:11:13+00:00,2023,1,0,276,76,35,241,0.785,1,2
backstage:issues:15563,backstage,issue,15563,2023-01-04 17:46:39+00:00,2023-03-13 14:45:21+00:00,2023,0,1,277,77,36,241,0.785,1,2
backstage:prs:15564,backstage,pull_request,15564,2023-01-04 17:54:18+00:00,2023-01-04 18:27:23+00:00,2023,1,0,278,78,37,241,0.785,1,2
backstage:prs:15565,backstage,pull_request,15565,2023-01-04 17:55:28+00:00,2023-01-04 18:36:13+00:00,2023,1,0,279,79,38,241,0.785,1,2
backstage:prs:15566,backstage,pull_request,15566,2023-01-04 18:35:51+00:00,2023-01-05 12:38:59+00:00,2023,1,0,280,80,38,242,0.785,1,2
backstage:prs:15567,backstage,pull_request,15567,2023-01-04 18:37:31+00:00,2023-01-27 12:05:54+00:00,2023,1,0,281,81,38,243,0.785,1,2
backstage:prs:15568,backstage,pull_request,15568,2023-01-04 18:51:42+00:00,2023-01-05 12:13:17+00:00,2023,1,0,282,82,39,243,0.785,1,2
backstage:prs:15569,backstage,pull_request,15569,2023-01-04 19:30:20+00:00,2023-01-04 21:14:53+00:00,2023,1,0,283,83,40,243,0.785,1,2
backstage:prs:15570,backstage,pull_request,15570,2023-01-04 20:11:14+00:00,2023-01-09 10:17:26+00:00,2023,1,0,284,84,41,243,0.785,1,2
backstage:prs:15571,backstage,pull_request,15571,2023-01-04 22:42:51+00:00,2023-01-04 23:16:48+00:00,2023,1,0,285,85,41,244,0.785,1,2
backstage:prs:15572,backstage,pull_request,15572,2023-01-04 23:29:16+00:00,2023-01-05 00:00:11+00:00,2023,1,0,286,86,41,245,0.785,1,2
backstage:prs:15575,backstage,pull_request,15575,2023-01-05 00:11:12+00:00,2023-01-05 00:45:58+00:00,2023,1,0,287,87,41,246,0.785,1,3
backstage:prs:15576,backstage,pull_request,15576,2023-01-05 00:57:13+00:00,2023-01-05 12:39:48+00:00,2023,1,0,288,88,41,247,0.785,1,3
backstage:prs:15577,backstage,pull_request,15577,2023-01-05 06:51:52+00:00,2023-01-05 07:24:09+00:00,2023,1,0,289,89,42,247,0.785,1,3
backstage:prs:15578,backstage,pull_request,15578,2023-01-05 07:32:04+00:00,2023-01-05 16:18:29+00:00,2023,1,0,290,90,41,249,0.785,1,3
backstage:prs:15579,backstage,pull_request,15579,2023-01-05 07:37:30+00:00,2023-01-05 08:17:21+00:00,2023,1,0,291,91,42,249,0.785,1,3
backstage:prs:15580,backstage,pull_request,15580,2023-01-05 08:27:28+00:00,2023-01-05 12:06:51+00:00,2023,1,0,292,92,42,250,0.785,1,3
backstage:prs:15581,backstage,pull_request,15581,2023-01-05 11:28:36+00:00,2023-01-16 12:26:17+00:00,2023,1,0,293,93,43,250,0.785,1,3
backstage:prs:15582,backstage,pull_request,15582,2023-01-05 11:54:48+00:00,2023-01-05 13:02:06+00:00,2023,1,0,294,94,43,251,0.785,1,3
backstage:prs:15583,backstage,pull_request,15583,2023-01-05 12:11:03+00:00,2023-01-05 12:39:14+00:00,2023,1,0,295,95,43,252,0.785,1,3
backstage:prs:15584,backstage,pull_request,15584,2023-01-05 12:20:30+00:00,2023-01-07 14:23:25+00:00,2023,1,0,296,96,43,253,0.785,1,3
backstage:prs:15585,backstage,pull_request,15585,2023-01-05 12:21:21+00:00,2023-01-05 12:39:32+00:00,2023,1,0,297,97,44,253,0.785,1,3
backstage:prs:15586,backstage,pull_request,15586,2023-01-05 12:48:26+00:00,2023-01-05 12:53:23+00:00,2023,1,0,298,98,41,257,0.785,1,3
backstage:prs:15588,backstage,pull_request,15588,2023-01-05 13:36:52+00:00,2023-01-05 14:21:04+00:00,2023,1,0,299,99,40,259,0.785,1,3
backstage:prs:15589,backstage,pull_request,15589,2023-01-05 13:49:12+00:00,2023-01-10 12:57:25+00:00,2023,1,0,300,100,41,259,0.785,1,3
backstage:prs:15590,backstage,pull_request,15590,2023-01-05 13:57:15+00:00,2023-01-09 08:43:53+00:00,2023,1,0,301,101,42,259,0.785,1,3
backstage:prs:15591,backstage,pull_request,15591,2023-01-05 13:59:28+00:00,2023-01-09 10:25:30+00:00,2023,1,0,302,102,43,259,0.785,1,3
backstage:prs:15592,backstage,pull_request,15592,2023-01-05 14:10:14+00:00,2023-01-07 14:22:32+00:00,2023,1,0,303,103,44,259,0.785,1,3
backstage:prs:15593,backstage,pull_request,15593,2023-01-05 14:15:48+00:00,2023-01-09 10:25:03+00:00,2023,1,0,304,104,45,259,0.785,1,3
backstage:prs:15594,backstage,pull_request,15594,2023-01-05 14:31:03+00:00,2023-01-10 12:26:58+00:00,2023,1,0,305,105,45,260,0.785,1,3
backstage:prs:15595,backstage,pull_request,15595,2023-01-05 15:11:32+00:00,2023-01-16 08:51:30+00:00,2023,1,0,306,106,46,260,0.785,1,3
backstage:issues:15596,backstage,issue,15596,2023-01-05 15:36:33+00:00,2023-03-13 16:46:58+00:00,2023,0,1,307,107,47,260,0.785,1,3
backstage:issues:15597,backstage,issue,15597,2023-01-05 15:36:33+00:00,2023-01-19 11:21:51+00:00,2023,1,0,308,108,48,260,0.785,1,3
backstage:prs:15598,backstage,pull_request,15598,2023-01-05 15:41:14+00:00,2023-01-19 11:21:49+00:00,2023,1,0,309,109,49,260,0.785,1,3
backstage:prs:15599,backstage,pull_request,15599,2023-01-05 16:10:20+00:00,2023-01-05 19:18:07+00:00,2023,1,0,310,110,50,260,0.785,1,3
backstage:prs:15600,backstage,pull_request,15600,2023-01-05 16:28:48+00:00,2023-01-05 16:31:53+00:00,2023,1,0,311,111,50,261,0.785,1,3
backstage:issues:15601,backstage,issue,15601,2023-01-05 16:40:53+00:00,2023-03-17 10:38:54+00:00,2023,0,1,312,112,50,262,0.785,1,3
backstage:issues:15604,backstage,issue,15604,2023-01-06 00:54:49+00:00,2023-01-23 10:39:19+00:00,2023,1,0,313,113,50,263,0.785,1,4
backstage:issues:15605,backstage,issue,15605,2023-01-06 10:02:54+00:00,2023-04-25 22:05:15+00:00,2023,0,1,314,114,51,263,0.785,1,4
backstage:issues:15606,backstage,issue,15606,2023-01-06 10:36:28+00:00,2024-02-04 09:06:01+00:00,2023,0,1,315,115,52,263,0.785,1,4
backstage:issues:15609,backstage,issue,15609,2023-01-06 15:49:05+00:00,2023-01-11 12:30:41+00:00,2023,1,0,316,116,53,263,0.785,1,4
backstage:issues:15616,backstage,issue,15616,2023-01-07 14:09:51+00:00,2023-01-09 06:58:39+00:00,2023,1,0,317,117,54,263,0.785,1,5
backstage:issues:15628,backstage,issue,15628,2023-01-09 08:08:21+00:00,2023-01-09 09:03:46+00:00,2023,1,0,318,118,51,267,0.785,1,0
backstage:issues:15630,backstage,issue,15630,2023-01-09 08:53:45+00:00,2023-01-09 08:56:41+00:00,2023,1,0,319,119,51,268,0.785,1,0
backstage:issues:15635,backstage,issue,15635,2023-01-09 12:47:26+00:00,2023-03-17 13:12:46+00:00,2023,0,1,320,120,44,276,0.785,1,0
backstage:issues:15638,backstage,issue,15638,2023-01-09 15:29:25+00:00,2023-03-24 09:34:47+00:00,2023,0,1,321,121,44,277,0.785,1,0
backstage:issues:15642,backstage,issue,15642,2023-01-09 16:29:06+00:00,2023-01-12 13:19:52+00:00,2023,1,0,322,122,45,277,0.785,1,0
backstage:issues:15643,backstage,issue,15643,2023-01-09 18:34:07+00:00,2023-01-12 15:38:43+00:00,2023,1,0,323,123,46,277,0.785,1,0
backstage:issues:15644,backstage,issue,15644,2023-01-09 18:44:24+00:00,2023-11-06 20:37:35+00:00,2023,0,1,324,124,47,277,0.785,1,0
backstage:issues:15645,backstage,issue,15645,2023-01-09 19:04:29+00:00,2023-01-10 18:17:21+00:00,2023,1,0,325,125,48,277,0.785,1,0
backstage:issues:15649,backstage,issue,15649,2023-01-10 00:01:12+00:00,2023-06-18 01:34:23+00:00,2023,0,1,326,126,49,277,0.785,1,1
backstage:issues:15653,backstage,issue,15653,2023-01-10 10:33:17+00:00,2023-01-23 14:04:33+00:00,2023,1,0,327,127,48,279,0.785,1,1
backstage:issues:15655,backstage,issue,15655,2023-01-10 11:52:11+00:00,2023-01-19 11:30:17+00:00,2023,1,0,328,128,49,279,0.785,1,1
backstage:issues:15666,backstage,issue,15666,2023-01-10 17:59:37+00:00,2023-03-20 14:29:05+00:00,2023,0,1,329,129,45,284,0.785,1,1
backstage:issues:15668,backstage,issue,15668,2023-01-10 20:17:25+00:00,2023-03-20 09:27:49+00:00,2023,0,1,330,130,45,285,0.785,1,1
backstage:issues:15669,backstage,issue,15669,2023-01-10 21:41:50+00:00,2023-01-13 14:20:22+00:00,2023,1,0,331,131,46,285,0.785,1,1
backstage:issues:15670,backstage,issue,15670,2023-01-10 22:31:04+00:00,2023-01-19 17:02:08+00:00,2023,1,0,332,132,47,285,0.785,1,1
backstage:issues:15673,backstage,issue,15673,2023-01-11 01:13:05+00:00,2023-01-30 13:05:44+00:00,2023,1,0,333,133,48,285,0.785,1,2
backstage:issues:15680,backstage,issue,15680,2023-01-11 03:55:24+00:00,2023-01-17 14:43:08+00:00,2023,1,0,334,134,49,285,0.785,1,2
backstage:issues:15685,backstage,issue,15685,2023-01-11 08:17:48+00:00,2023-09-29 09:53:52+00:00,2023,0,1,335,135,50,285,0.785,1,2
backstage:issues:15697,backstage,issue,15697,2023-01-11 11:41:26+00:00,2023-03-24 10:04:35+00:00,2023,0,1,336,136,50,286,0.785,1,2
backstage:issues:15700,backstage,issue,15700,2023-01-11 12:52:37+00:00,2023-01-13 14:48:03+00:00,2023,1,0,337,137,50,287,0.785,1,2
backstage:issues:15703,backstage,issue,15703,2023-01-11 14:11:36+00:00,2023-03-19 11:06:22+00:00,2023,0,1,338,138,51,287,0.785,1,2
backstage:issues:15713,backstage,issue,15713,2023-01-11 17:36:10+00:00,2023-02-02 17:40:31+00:00,2023,1,0,339,139,52,287,0.785,1,2
backstage:issues:15714,backstage,issue,15714,2023-01-11 21:02:55+00:00,2023-01-17 11:23:56+00:00,2023,1,0,340,140,52,288,0.785,1,2
backstage:issues:15716,backstage,issue,15716,2023-01-12 01:26:09+00:00,2023-01-25 17:40:50+00:00,2023,1,0,341,141,53,288,0.785,1,3
backstage:issues:15717,backstage,issue,15717,2023-01-12 01:27:05+00:00,2023-04-08 17:34:00+00:00,2023,0,1,342,142,54,288,0.785,1,3
backstage:issues:15719,backstage,issue,15719,2023-01-12 08:53:32+00:00,2023-01-25 21:16:31+00:00,2023,1,0,343,143,55,288,0.785,1,3
backstage:issues:15724,backstage,issue,15724,2023-01-12 12:43:19+00:00,2023-03-26 11:23:52+00:00,2023,0,1,344,144,56,288,0.785,1,3
backstage:issues:15726,backstage,issue,15726,2023-01-12 13:53:14+00:00,2023-10-01 22:26:07+00:00,2023,0,1,345,145,55,290,0.785,1,3
backstage:issues:15727,backstage,issue,15727,2023-01-12 15:11:35+00:00,2023-01-16 14:22:09+00:00,2023,1,0,346,146,56,290,0.785,1,3
backstage:issues:15733,backstage,issue,15733,2023-01-12 17:29:55+00:00,2023-01-16 12:43:03+00:00,2023,1,0,347,147,56,291,0.785,1,3
luigi:prs:3217,luigi,pull_request,3217,2023-01-12 18:11:54+00:00,2023-01-16 15:44:12+00:00,2023,1,0,81,2,29,52,0.5569620253164557,1,3
backstage:issues:15734,backstage,issue,15734,2023-01-12 19:54:34+00:00,2023-04-07 12:56:56+00:00,2023,0,1,348,148,57,291,0.785,1,3
backstage:issues:15736,backstage,issue,15736,2023-01-13 01:00:10+00:00,2023-01-15 21:50:57+00:00,2023,1,0,349,149,58,291,0.785,1,4
backstage:issues:15739,backstage,issue,15739,2023-01-13 07:59:56+00:00,2023-04-08 10:44:04+00:00,2023,0,1,350,150,59,291,0.785,1,4
backstage:issues:15741,backstage,issue,15741,2023-01-13 11:01:35+00:00,2023-01-30 13:53:27+00:00,2023,1,0,351,151,60,291,0.785,1,4
backstage:issues:15753,backstage,issue,15753,2023-01-13 21:53:00+00:00,2023-04-28 14:34:35+00:00,2023,0,1,352,152,59,293,0.785,1,4
backstage:issues:15754,backstage,issue,15754,2023-01-13 23:12:31+00:00,2023-06-07 11:26:55+00:00,2023,0,1,353,153,60,293,0.785,1,4
backstage:issues:15760,backstage,issue,15760,2023-01-15 22:06:44+00:00,2023-01-19 13:21:11+00:00,2023,1,0,354,154,60,294,0.785,1,6
backstage:issues:15762,backstage,issue,15762,2023-01-16 09:35:04+00:00,2023-08-03 03:05:33+00:00,2023,0,1,355,155,60,295,0.785,1,0
backstage:issues:15765,backstage,issue,15765,2023-01-16 10:47:19+00:00,2023-01-16 14:01:10+00:00,2023,1,0,356,156,61,295,0.785,1,0
luigi:prs:3218,luigi,pull_request,3218,2023-01-16 12:52:40+00:00,2023-01-16 17:50:45+00:00,2023,1,0,82,3,30,52,0.5569620253164557,1,0
luigi:issues:3219,luigi,issue,3219,2023-01-16 12:56:30+00:00,,2023,0,1,83,4,31,52,0.5569620253164557,1,0
backstage:issues:15769,backstage,issue,15769,2023-01-16 13:18:30+00:00,2023-05-08 09:43:46+00:00,2023,0,1,357,157,60,297,0.785,1,0
backstage:issues:15770,backstage,issue,15770,2023-01-16 14:06:02+00:00,2023-04-14 09:17:16+00:00,2023,0,1,358,158,60,298,0.785,1,0
backstage:issues:15778,backstage,issue,15778,2023-01-16 16:24:38+00:00,2023-04-07 02:21:07+00:00,2023,0,1,359,159,60,299,0.785,1,0
backstage:issues:15786,backstage,issue,15786,2023-01-17 00:49:02+00:00,2023-01-23 22:49:11+00:00,2023,1,0,360,160,61,299,0.785,1,1
backstage:issues:15788,backstage,issue,15788,2023-01-17 04:45:13+00:00,2023-01-30 14:18:43+00:00,2023,1,0,361,161,62,299,0.785,1,1
luigi:prs:3220,luigi,pull_request,3220,2023-01-17 08:57:30+00:00,2023-01-17 22:20:23+00:00,2023,1,0,84,5,30,54,0.5569620253164557,1,1
backstage:issues:15789,backstage,issue,15789,2023-01-17 09:48:13+00:00,2023-05-29 08:46:28+00:00,2023,0,1,362,162,63,299,0.785,1,1
backstage:issues:15796,backstage,issue,15796,2023-01-17 12:54:48+00:00,2023-03-31 14:16:47+00:00,2023,0,1,363,163,63,300,0.785,1,1
backstage:issues:15803,backstage,issue,15803,2023-01-17 15:46:32+00:00,2023-01-17 21:25:35+00:00,2023,1,0,364,164,63,301,0.785,1,1
backstage:issues:15804,backstage,issue,15804,2023-01-17 15:52:01+00:00,2023-08-19 11:43:46+00:00,2023,0,1,365,165,64,301,0.785,1,1
backstage:issues:15810,backstage,issue,15810,2023-01-17 18:18:41+00:00,2025-01-26 15:45:12+00:00,2023,0,1,366,166,65,301,0.785,1,1
backstage:issues:15811,backstage,issue,15811,2023-01-17 21:29:03+00:00,2023-01-17 21:31:45+00:00,2023,1,0,367,167,65,302,0.785,1,1
backstage:issues:15815,backstage,issue,15815,2023-01-17 23:54:52+00:00,2023-01-25 10:25:24+00:00,2023,1,0,368,168,65,303,0.785,1,1
backstage:issues:15818,backstage,issue,15818,2023-01-18 02:18:42+00:00,2023-04-02 16:55:49+00:00,2023,0,1,369,169,66,303,0.785,1,2
backstage:issues:15820,backstage,issue,15820,2023-01-18 08:01:56+00:00,2026-03-21 14:19:44+00:00,2023,0,1,370,170,67,303,0.785,1,2
backstage:issues:15821,backstage,issue,15821,2023-01-18 08:41:45+00:00,2024-10-21 11:30:20+00:00,2023,0,1,371,171,67,304,0.785,1,2
backstage:issues:15830,backstage,issue,15830,2023-01-18 14:26:08+00:00,2023-08-07 16:29:38+00:00,2023,0,1,372,172,68,304,0.785,1,2
backstage:issues:15834,backstage,issue,15834,2023-01-18 15:26:06+00:00,2023-06-18 12:06:19+00:00,2023,0,1,373,173,69,304,0.785,1,2
luigi:prs:3221,luigi,pull_request,3221,2023-01-18 15:52:33+00:00,2023-01-18 16:00:12+00:00,2023,1,0,85,6,30,55,0.5569620253164557,1,2
backstage:issues:15845,backstage,issue,15845,2023-01-19 07:55:43+00:00,2023-01-24 11:10:43+00:00,2023,1,0,374,174,70,304,0.785,1,3
backstage:issues:15848,backstage,issue,15848,2023-01-19 10:29:51+00:00,2023-01-26 12:36:30+00:00,2023,1,0,375,175,71,304,0.785,1,3
backstage:issues:15850,backstage,issue,15850,2023-01-19 11:11:38+00:00,2023-01-23 13:09:02+00:00,2023,1,0,376,176,72,304,0.785,1,3
backstage:issues:15870,backstage,issue,15870,2023-01-20 13:31:51+00:00,2023-05-30 13:27:21+00:00,2023,0,1,377,177,68,309,0.785,1,4
backstage:issues:15874,backstage,issue,15874,2023-01-20 16:01:16+00:00,2023-01-27 09:18:35+00:00,2023,1,0,378,178,69,309,0.785,1,4
backstage:issues:15877,backstage,issue,15877,2023-01-20 22:03:01+00:00,2023-02-03 09:57:07+00:00,2023,1,0,379,179,70,309,0.785,1,4
backstage:issues:15878,backstage,issue,15878,2023-01-20 22:30:13+00:00,2023-06-29 10:10:28+00:00,2023,0,1,380,180,71,309,0.785,1,4
backstage:issues:15880,backstage,issue,15880,2023-01-20 23:06:44+00:00,2023-01-27 20:38:19+00:00,2023,1,0,381,181,72,309,0.785,1,4
backstage:issues:15882,backstage,issue,15882,2023-01-21 07:34:24+00:00,2023-10-23 09:53:55+00:00,2023,0,1,382,182,73,309,0.785,1,5
backstage:issues:15893,backstage,issue,15893,2023-01-23 08:57:10+00:00,2023-04-03 13:53:48+00:00,2023,0,1,383,183,74,309,0.785,1,0
backstage:issues:15894,backstage,issue,15894,2023-01-23 09:03:33+00:00,2023-05-26 12:06:45+00:00,2023,0,1,384,184,75,309,0.785,1,0
backstage:issues:15901,backstage,issue,15901,2023-01-23 19:34:51+00:00,,2023,0,1,385,185,73,312,0.785,1,0
backstage:issues:15903,backstage,issue,15903,2023-01-23 21:02:07+00:00,2023-02-10 16:14:38+00:00,2023,1,0,386,186,74,312,0.785,1,0
backstage:issues:15904,backstage,issue,15904,2023-01-23 21:48:27+00:00,2023-03-27 08:43:28+00:00,2023,0,1,387,187,75,312,0.785,1,0
backstage:issues:15905,backstage,issue,15905,2023-01-24 01:19:47+00:00,2023-04-03 13:53:47+00:00,2023,0,1,388,188,75,313,0.785,1,1
backstage:issues:15907,backstage,issue,15907,2023-01-24 07:30:35+00:00,2023-03-27 08:43:37+00:00,2023,0,1,389,189,76,313,0.785,1,1
backstage:issues:15914,backstage,issue,15914,2023-01-24 12:18:50+00:00,2023-09-29 09:53:51+00:00,2023,0,1,390,190,76,314,0.785,1,1
backstage:issues:15916,backstage,issue,15916,2023-01-24 12:40:40+00:00,2023-01-26 10:43:37+00:00,2023,1,0,391,191,77,314,0.785,1,1
backstage:issues:15938,backstage,issue,15938,2023-01-25 05:06:46+00:00,2023-03-30 08:38:09+00:00,2023,0,1,392,192,78,314,0.785,1,2
backstage:issues:15939,backstage,issue,15939,2023-01-25 05:13:29+00:00,2023-01-26 11:31:03+00:00,2023,1,0,393,193,79,314,0.785,1,2
backstage:issues:15940,backstage,issue,15940,2023-01-25 07:05:29+00:00,2023-05-12 04:05:44+00:00,2023,0,1,394,194,80,314,0.785,1,2
backstage:issues:15965,backstage,issue,15965,2023-01-25 15:47:19+00:00,2023-06-30 13:36:52+00:00,2023,0,1,395,195,80,315,0.785,1,2
backstage:issues:15976,backstage,issue,15976,2023-01-25 20:54:40+00:00,2023-09-18 09:25:51+00:00,2023,0,1,396,196,80,316,0.785,1,2
backstage:issues:15977,backstage,issue,15977,2023-01-25 22:11:42+00:00,2023-02-15 21:48:17+00:00,2023,1,0,397,197,80,317,0.785,1,2
backstage:issues:15978,backstage,issue,15978,2023-01-25 23:29:31+00:00,2023-06-05 08:54:22+00:00,2023,0,1,398,198,81,317,0.785,1,2
backstage:issues:15979,backstage,issue,15979,2023-01-25 23:32:14+00:00,2023-03-27 15:42:40+00:00,2023,0,1,399,199,82,317,0.785,1,2
luigi:issues:3222,luigi,issue,3222,2023-01-30 18:06:38+00:00,,2023,0,1,86,6,30,56,0.5625,1,0
luigi:issues:3223,luigi,issue,3223,2023-02-03 16:24:21+00:00,2024-05-22 17:11:50+00:00,2023,0,1,87,6,30,57,0.5555555555555556,2,4
luigi:issues:3224,luigi,issue,3224,2023-02-05 17:06:57+00:00,,2023,0,1,88,7,31,57,0.5555555555555556,2,6
luigi:prs:3225,luigi,pull_request,3225,2023-02-09 02:58:49+00:00,,2023,0,1,89,8,31,58,0.5555555555555556,2,3
luigi:issues:3226,luigi,issue,3226,2023-02-10 08:38:22+00:00,,2023,0,1,90,9,32,58,0.5555555555555556,2,4
luigi:issues:3227,luigi,issue,3227,2023-02-17 13:51:31+00:00,,2023,0,1,91,6,33,58,0.5647058823529412,2,4
luigi:prs:3228,luigi,pull_request,3228,2023-02-23 12:05:43+00:00,2023-02-25 02:51:34+00:00,2023,1,0,92,6,34,58,0.5697674418604651,2,3
luigi:issues:3229,luigi,issue,3229,2023-03-12 12:20:50+00:00,,2023,0,1,93,2,32,61,0.5384615384615384,3,6
luigi:prs:3230,luigi,pull_request,3230,2023-03-13 15:24:42+00:00,2023-03-14 08:59:46+00:00,2023,1,0,94,3,33,61,0.5384615384615384,3,0
luigi:prs:3231,luigi,pull_request,3231,2023-03-14 09:05:49+00:00,2023-03-14 09:46:09+00:00,2023,1,0,95,4,33,62,0.5384615384615384,3,1
luigi:issues:3233,luigi,issue,3233,2023-03-27 12:24:21+00:00,,2023,0,1,96,3,33,63,0.5376344086021505,3,0
luigi:prs:3234,luigi,pull_request,3234,2023-04-03 00:15:16+00:00,2023-04-21 03:05:44+00:00,2023,1,0,97,4,34,63,0.5376344086021505,4,0
luigi:prs:3235,luigi,pull_request,3235,2023-04-11 13:31:43+00:00,2023-09-07 01:03:05+00:00,2023,0,1,98,4,35,63,0.5319148936170213,4,1
luigi:issues:3236,luigi,issue,3236,2023-04-21 19:34:04+00:00,2023-08-23 16:20:30+00:00,2023,0,1,99,3,35,64,0.5416666666666666,4,4
luigi:prs:3237,luigi,pull_request,3237,2023-04-25 15:40:44+00:00,2023-04-26 23:23:35+00:00,2023,1,0,100,4,36,64,0.5416666666666666,4,1
luigi:prs:3238,luigi,pull_request,3238,2023-05-03 09:34:49+00:00,2023-05-03 15:34:36+00:00,2023,1,0,101,3,36,65,0.5408163265306123,5,2
luigi:prs:3239,luigi,pull_request,3239,2023-05-04 09:29:57+00:00,2023-05-04 09:47:53+00:00,2023,1,0,102,4,36,66,0.5408163265306123,5,3
luigi:issues:3240,luigi,issue,3240,2023-05-05 09:24:32+00:00,2023-08-07 15:34:54+00:00,2023,0,1,103,5,36,67,0.5408163265306123,5,4
luigi:issues:3241,luigi,issue,3241,2023-05-12 23:08:13+00:00,,2023,0,1,104,5,37,67,0.5353535353535354,5,4
luigi:issues:3242,luigi,issue,3242,2023-06-14 13:59:45+00:00,,2023,0,1,105,0,37,68,0.5333333333333333,6,2
luigi:issues:3243,luigi,issue,3243,2023-06-25 11:30:43+00:00,,2023,0,1,106,1,38,68,0.5333333333333333,6,6
luigi:prs:3244,luigi,pull_request,3244,2023-07-03 07:10:35+00:00,2023-09-25 12:04:01+00:00,2023,0,1,107,2,39,68,0.5333333333333333,7,0
luigi:issues:3245,luigi,issue,3245,2023-07-25 16:40:21+00:00,,2023,0,1,108,1,40,68,0.5233644859813084,7,1
luigi:prs:3246,luigi,pull_request,3246,2023-07-27 12:36:22+00:00,2023-08-17 23:54:10+00:00,2023,1,0,109,2,41,68,0.5233644859813084,7,3
luigi:issues:3247,luigi,issue,3247,2023-08-10 09:53:37+00:00,,2023,0,1,110,2,41,69,0.5185185185185185,8,3
luigi:prs:3248,luigi,pull_request,3248,2023-08-18 00:34:41+00:00,2023-08-20 18:09:43+00:00,2023,1,0,111,3,41,70,0.5185185185185185,8,4
luigi:issues:3249,luigi,issue,3249,2023-08-26 02:18:28+00:00,,2023,0,1,112,3,40,72,0.5137614678899083,8,5
luigi:prs:3250,luigi,pull_request,3250,2023-08-29 23:14:36+00:00,2023-09-07 00:53:49+00:00,2023,1,0,113,3,41,72,0.5181818181818182,8,1
luigi:issues:3251,luigi,issue,3251,2023-08-30 06:05:50+00:00,,2023,0,1,114,4,42,72,0.5181818181818182,8,2
luigi:prs:3252,luigi,pull_request,3252,2023-09-13 16:41:05+00:00,2023-09-22 21:07:11+00:00,2023,1,0,115,4,41,74,0.5135135135135135,9,2
luigi:issues:3253,luigi,issue,3253,2023-09-25 14:51:07+00:00,,2023,0,1,116,3,40,76,0.5132743362831859,9,0
luigi:prs:3254,luigi,pull_request,3254,2023-09-26 07:20:11+00:00,,2023,0,1,117,4,41,76,0.5132743362831859,9,1
luigi:issues:3255,luigi,issue,3255,2023-10-03 13:23:39+00:00,2023-10-04 10:34:43+00:00,2023,1,0,118,3,42,76,0.5130434782608696,10,1
luigi:prs:3256,luigi,pull_request,3256,2023-10-05 10:59:11+00:00,2023-10-05 11:06:13+00:00,2023,1,0,119,4,42,77,0.5130434782608696,10,3
luigi:prs:3257,luigi,pull_request,3257,2023-10-05 13:43:46+00:00,2023-10-06 09:07:45+00:00,2023,1,0,120,5,42,78,0.5130434782608696,10,3
luigi:prs:3258,luigi,pull_request,3258,2023-10-17 13:11:37+00:00,2023-10-21 12:16:25+00:00,2023,1,0,121,5,42,79,0.5172413793103449,10,1
luigi:prs:3259,luigi,pull_request,3259,2023-10-22 15:56:55+00:00,2023-10-25 23:50:30+00:00,2023,1,0,122,6,42,80,0.5172413793103449,10,6
luigi:prs:3260,luigi,pull_request,3260,2023-10-28 16:14:28+00:00,2023-10-29 16:21:28+00:00,2023,1,0,123,5,42,81,0.5084745762711864,10,5
luigi:prs:3261,luigi,pull_request,3261,2023-11-16 12:40:29+00:00,,2023,0,1,124,3,42,82,0.5206611570247934,11,3
luigi:issues:3262,luigi,issue,3262,2023-11-16 19:28:02+00:00,2023-12-20 19:14:26+00:00,2023,0,1,125,3,43,82,0.5245901639344263,11,3
luigi:issues:3263,luigi,issue,3263,2023-11-17 06:22:52+00:00,,2023,0,1,126,4,44,82,0.5245901639344263,11,4
luigi:issues:3264,luigi,issue,3264,2023-11-28 13:07:36+00:00,,2023,0,1,127,3,45,82,0.532258064516129,11,1
luigi:prs:3265,luigi,pull_request,3265,2023-12-14 12:42:58+00:00,2023-12-17 16:24:46+00:00,2023,1,0,128,4,46,82,0.532258064516129,12,3
luigi:prs:3266,luigi,pull_request,3266,2023-12-20 12:33:11+00:00,2024-05-09 00:08:07+00:00,2023,0,1,129,2,46,83,0.5196850393700787,12,2
luigi:prs:3267,luigi,pull_request,3267,2023-12-20 22:53:27+00:00,,2023,0,1,130,3,46,84,0.5196850393700787,12,2
backstage:prs:22061,backstage,pull_request,22061,2024-01-01 08:19:26+00:00,2024-01-17 11:03:59+00:00,2024,1,0,400,0,7,393,0.735,1,0
backstage:issues:22062,backstage,issue,22062,2024-01-01 20:11:00+00:00,2024-01-02 12:10:48+00:00,2024,1,0,401,1,8,393,0.735,1,0
backstage:issues:22063,backstage,issue,22063,2024-01-02 05:40:58+00:00,2025-12-30 08:11:15+00:00,2024,0,1,402,2,9,393,0.735,1,1
luigi:prs:3268,luigi,pull_request,3268,2024-01-02 09:39:23+00:00,2024-01-08 12:41:14+00:00,2024,1,0,131,3,47,84,0.515625,1,1
backstage:prs:22064,backstage,pull_request,22064,2024-01-02 10:14:47+00:00,2024-01-02 10:37:25+00:00,2024,1,0,403,3,10,393,0.735,1,1
backstage:prs:22065,backstage,pull_request,22065,2024-01-02 12:59:08+00:00,2024-01-19 21:34:50+00:00,2024,1,0,404,4,9,395,0.735,1,1
backstage:issues:22066,backstage,issue,22066,2024-01-02 14:16:25+00:00,2024-01-04 09:40:55+00:00,2024,1,0,405,5,10,395,0.735,1,1
backstage:prs:22067,backstage,pull_request,22067,2024-01-02 14:17:58+00:00,2024-01-04 09:40:54+00:00,2024,1,0,406,6,11,395,0.735,1,1
backstage:prs:22068,backstage,pull_request,22068,2024-01-02 14:38:08+00:00,2024-01-02 15:05:42+00:00,2024,1,0,407,7,12,395,0.735,1,1
backstage:prs:22069,backstage,pull_request,22069,2024-01-02 15:21:25+00:00,2024-01-09 16:09:03+00:00,2024,1,0,408,8,12,396,0.735,1,1
backstage:issues:22070,backstage,issue,22070,2024-01-02 16:26:44+00:00,2024-01-02 18:10:19+00:00,2024,1,0,409,9,13,396,0.735,1,1
backstage:prs:22071,backstage,pull_request,22071,2024-01-02 18:48:52+00:00,2024-01-26 21:25:14+00:00,2024,1,0,410,10,13,397,0.735,1,1
backstage:prs:22072,backstage,pull_request,22072,2024-01-02 18:55:55+00:00,2024-01-03 11:23:29+00:00,2024,1,0,411,11,14,397,0.735,1,1
backstage:issues:22073,backstage,issue,22073,2024-01-03 08:56:53+00:00,2024-03-22 01:56:04+00:00,2024,0,1,412,12,15,397,0.735,1,2
backstage:prs:22074,backstage,pull_request,22074,2024-01-03 09:40:36+00:00,2024-01-28 16:44:29+00:00,2024,1,0,413,13,16,397,0.735,1,2
backstage:prs:22075,backstage,pull_request,22075,2024-01-03 11:11:37+00:00,2024-01-09 13:11:39+00:00,2024,1,0,414,14,17,397,0.735,1,2
backstage:prs:22076,backstage,pull_request,22076,2024-01-03 11:28:04+00:00,2024-01-03 11:55:50+00:00,2024,1,0,415,15,17,398,0.735,1,2
backstage:prs:22077,backstage,pull_request,22077,2024-01-03 12:06:41+00:00,2024-01-03 12:44:41+00:00,2024,1,0,416,16,17,399,0.735,1,2
backstage:prs:22078,backstage,pull_request,22078,2024-01-03 14:09:20+00:00,2024-01-03 14:46:34+00:00,2024,1,0,417,17,17,400,0.735,1,2
backstage:prs:22079,backstage,pull_request,22079,2024-01-03 14:09:58+00:00,2024-01-03 14:46:38+00:00,2024,1,0,418,18,18,400,0.735,1,2
backstage:prs:22080,backstage,pull_request,22080,2024-01-03 14:15:51+00:00,2024-01-21 23:25:53+00:00,2024,1,0,419,19,19,400,0.735,1,2
backstage:issues:22081,backstage,issue,22081,2024-01-03 14:27:03+00:00,2024-05-12 20:17:08+00:00,2024,0,1,420,20,20,400,0.735,1,2
backstage:issues:22082,backstage,issue,22082,2024-01-03 14:43:56+00:00,2024-01-20 09:40:15+00:00,2024,1,0,421,21,21,400,0.735,1,2
backstage:prs:22083,backstage,pull_request,22083,2024-01-03 15:11:08+00:00,2024-01-17 09:15:42+00:00,2024,1,0,422,22,20,402,0.735,1,2
backstage:prs:22084,backstage,pull_request,22084,2024-01-03 15:11:46+00:00,2024-01-09 08:30:28+00:00,2024,1,0,423,23,21,402,0.735,1,2
backstage:prs:22085,backstage,pull_request,22085,2024-01-03 16:34:25+00:00,2024-01-05 15:00:46+00:00,2024,1,0,424,24,22,402,0.735,1,2
backstage:prs:22086,backstage,pull_request,22086,2024-01-03 16:35:13+00:00,2024-01-03 17:34:50+00:00,2024,1,0,425,25,23,402,0.735,1,2
backstage:prs:22087,backstage,pull_request,22087,2024-01-03 17:38:04+00:00,2024-01-17 09:15:17+00:00,2024,1,0,426,26,23,403,0.735,1,2
backstage:prs:22088,backstage,pull_request,22088,2024-01-03 17:44:09+00:00,2024-01-16 14:56:58+00:00,2024,1,0,427,27,24,403,0.735,1,2
backstage:prs:22089,backstage,pull_request,22089,2024-01-03 18:03:36+00:00,2024-02-08 12:46:36+00:00,2024,0,1,428,28,25,403,0.735,1,2
backstage:issues:22090,backstage,issue,22090,2024-01-03 18:52:53+00:00,2024-03-16 08:44:21+00:00,2024,0,1,429,29,26,403,0.735,1,2
backstage:prs:22091,backstage,pull_request,22091,2024-01-03 20:20:37+00:00,2024-01-05 14:59:56+00:00,2024,1,0,430,30,27,403,0.735,1,2
backstage:prs:22092,backstage,pull_request,22092,2024-01-03 20:20:42+00:00,2024-01-09 08:31:05+00:00,2024,1,0,431,31,28,403,0.735,1,2
backstage:prs:22093,backstage,pull_request,22093,2024-01-03 23:06:44+00:00,2024-01-18 13:33:41+00:00,2024,1,0,432,32,29,403,0.735,1,2
backstage:prs:22094,backstage,pull_request,22094,2024-01-03 23:07:13+00:00,2024-01-05 14:58:52+00:00,2024,1,0,433,33,30,403,0.735,1,2
backstage:prs:22095,backstage,pull_request,22095,2024-01-03 23:07:47+00:00,2024-01-05 14:58:06+00:00,2024,1,0,434,34,31,403,0.735,1,2
backstage:prs:22096,backstage,pull_request,22096,2024-01-04 09:18:48+00:00,2024-01-10 18:29:24+00:00,2024,1,0,435,35,32,403,0.735,1,3
backstage:issues:22097,backstage,issue,22097,2024-01-04 09:32:39+00:00,2024-01-17 09:01:03+00:00,2024,1,0,436,36,33,403,0.735,1,3
backstage:prs:22098,backstage,pull_request,22098,2024-01-04 09:45:20+00:00,2024-01-17 09:01:02+00:00,2024,1,0,437,37,32,405,0.735,1,3
backstage:prs:22099,backstage,pull_request,22099,2024-01-04 10:05:41+00:00,2024-02-05 07:25:53+00:00,2024,0,1,438,38,33,405,0.735,1,3
backstage:issues:22100,backstage,issue,22100,2024-01-04 11:10:57+00:00,2024-03-18 16:09:44+00:00,2024,0,1,439,39,34,405,0.735,1,3
backstage:prs:22101,backstage,pull_request,22101,2024-01-04 13:03:52+00:00,2024-01-17 10:26:44+00:00,2024,1,0,440,40,35,405,0.735,1,3
backstage:issues:22102,backstage,issue,22102,2024-01-04 13:59:44+00:00,2024-04-18 09:44:56+00:00,2024,0,1,441,41,36,405,0.735,1,3
backstage:prs:22103,backstage,pull_request,22103,2024-01-04 14:19:31+00:00,2024-01-25 11:56:17+00:00,2024,1,0,442,42,37,405,0.735,1,3
backstage:prs:22104,backstage,pull_request,22104,2024-01-04 14:39:31+00:00,2024-01-17 17:16:09+00:00,2024,1,0,443,43,38,405,0.735,1,3
backstage:prs:22105,backstage,pull_request,22105,2024-01-04 14:41:29+00:00,2024-01-10 14:50:35+00:00,2024,1,0,444,44,39,405,0.735,1,3
backstage:issues:22106,backstage,issue,22106,2024-01-04 16:22:29+00:00,2024-01-25 10:01:50+00:00,2024,1,0,445,45,40,405,0.735,1,3
backstage:issues:22107,backstage,issue,22107,2024-01-04 16:39:58+00:00,2024-02-02 16:41:18+00:00,2024,1,0,446,46,41,405,0.735,1,3
backstage:issues:22108,backstage,issue,22108,2024-01-04 16:48:18+00:00,2024-02-08 23:22:18+00:00,2024,0,1,447,47,42,405,0.735,1,3
backstage:prs:22109,backstage,pull_request,22109,2024-01-04 16:59:28+00:00,2024-01-16 21:46:26+00:00,2024,1,0,448,48,43,405,0.735,1,3
backstage:prs:22110,backstage,pull_request,22110,2024-01-04 19:27:23+00:00,2024-01-31 13:11:46+00:00,2024,1,0,449,49,44,405,0.735,1,3
backstage:prs:22111,backstage,pull_request,22111,2024-01-04 20:52:04+00:00,2024-01-09 12:38:53+00:00,2024,1,0,450,50,45,405,0.735,1,3
luigi:prs:3269,luigi,pull_request,3269,2024-01-05 12:06:09+00:00,2024-01-05 16:07:20+00:00,2024,1,0,132,4,48,84,0.515625,1,4
backstage:issues:22112,backstage,issue,22112,2024-01-05 12:10:44+00:00,2024-05-31 10:48:30+00:00,2024,0,1,451,51,46,405,0.735,1,4
backstage:issues:22113,backstage,issue,22113,2024-01-05 12:37:03+00:00,2024-03-12 12:40:50+00:00,2024,0,1,452,52,47,405,0.735,1,4
luigi:prs:3270,luigi,pull_request,3270,2024-01-05 13:02:01+00:00,2024-01-05 13:12:23+00:00,2024,1,0,133,5,49,84,0.515625,1,4
luigi:prs:3271,luigi,pull_request,3271,2024-01-05 13:08:24+00:00,2024-01-14 11:27:59+00:00,2024,1,0,134,6,50,84,0.515625,1,4
backstage:prs:22114,backstage,pull_request,22114,2024-01-05 16:13:24+00:00,2024-01-09 08:33:05+00:00,2024,1,0,453,53,44,409,0.735,1,4
backstage:prs:22115,backstage,pull_request,22115,2024-01-05 16:13:57+00:00,2024-01-10 14:39:36+00:00,2024,1,0,454,54,45,409,0.735,1,4
backstage:prs:22116,backstage,pull_request,22116,2024-01-05 16:28:14+00:00,2024-02-12 18:36:11+00:00,2024,0,1,455,55,46,409,0.735,1,4
backstage:prs:22117,backstage,pull_request,22117,2024-01-05 16:37:55+00:00,2024-01-21 12:41:49+00:00,2024,1,0,456,56,47,409,0.735,1,4
backstage:prs:22118,backstage,pull_request,22118,2024-01-05 19:23:27+00:00,2024-01-17 09:15:06+00:00,2024,1,0,457,57,48,409,0.735,1,4
backstage:prs:22119,backstage,pull_request,22119,2024-01-05 19:24:00+00:00,2024-01-17 09:14:35+00:00,2024,1,0,458,58,49,409,0.735,1,4
backstage:issues:22120,backstage,issue,22120,2024-01-05 20:27:08+00:00,2024-01-05 21:01:47+00:00,2024,1,0,459,59,50,409,0.735,1,4
backstage:issues:22121,backstage,issue,22121,2024-01-05 21:34:45+00:00,2024-04-16 18:34:54+00:00,2024,0,1,460,60,50,410,0.735,1,4
backstage:prs:22122,backstage,pull_request,22122,2024-01-05 22:20:17+00:00,2024-01-24 13:43:15+00:00,2024,1,0,461,61,51,410,0.735,1,4
backstage:issues:22123,backstage,issue,22123,2024-01-06 08:16:10+00:00,2024-01-19 07:59:33+00:00,2024,1,0,462,62,52,410,0.735,1,5
backstage:issues:22124,backstage,issue,22124,2024-01-06 12:03:32+00:00,2024-01-16 21:08:47+00:00,2024,1,0,463,63,53,410,0.735,1,5
backstage:prs:22125,backstage,pull_request,22125,2024-01-06 20:11:01+00:00,2024-01-21 12:36:23+00:00,2024,1,0,464,64,54,410,0.735,1,5
backstage:prs:22126,backstage,pull_request,22126,2024-01-07 00:08:44+00:00,2024-01-11 08:17:17+00:00,2024,1,0,465,65,55,410,0.735,1,6
backstage:prs:22127,backstage,pull_request,22127,2024-01-07 00:44:11+00:00,2024-01-10 16:06:53+00:00,2024,1,0,466,66,56,410,0.735,1,6
luigi:prs:3272,luigi,pull_request,3272,2024-01-07 10:01:12+00:00,2024-01-07 10:03:16+00:00,2024,1,0,135,7,49,86,0.515625,1,6
backstage:issues:22128,backstage,issue,22128,2024-01-07 15:19:30+00:00,2024-01-07 15:25:04+00:00,2024,1,0,467,67,57,410,0.735,1,6
backstage:prs:22129,backstage,pull_request,22129,2024-01-07 23:39:56+00:00,2024-01-20 15:26:06+00:00,2024,1,0,468,68,57,411,0.735,1,6
backstage:prs:22130,backstage,pull_request,22130,2024-01-08 03:05:13+00:00,2024-01-24 12:59:51+00:00,2024,1,0,469,69,58,411,0.735,1,0
backstage:prs:22131,backstage,pull_request,22131,2024-01-08 05:42:47+00:00,2024-02-14 13:55:29+00:00,2024,0,1,470,70,59,411,0.735,1,0
backstage:issues:22132,backstage,issue,22132,2024-01-08 06:51:49+00:00,2024-01-08 09:12:31+00:00,2024,1,0,471,71,60,411,0.735,1,0
backstage:prs:22133,backstage,pull_request,22133,2024-01-08 09:34:22+00:00,2024-01-08 12:17:30+00:00,2024,1,0,472,72,60,412,0.735,1,0
backstage:prs:22134,backstage,pull_request,22134,2024-01-08 10:52:44+00:00,2024-01-08 12:44:43+00:00,2024,1,0,473,73,61,412,0.735,1,0
backstage:prs:22135,backstage,pull_request,22135,2024-01-08 11:05:25+00:00,2024-01-10 14:59:20+00:00,2024,1,0,474,74,62,412,0.735,1,0
backstage:issues:22136,backstage,issue,22136,2024-01-08 13:37:43+00:00,2024-08-06 13:53:52+00:00,2024,0,1,475,75,61,414,0.735,1,0
luigi:issues:3273,luigi,issue,3273,2024-01-08 13:55:20+00:00,2024-01-14 11:27:37+00:00,2024,1,0,136,8,48,88,0.515625,1,0
backstage:prs:22137,backstage,pull_request,22137,2024-01-08 14:26:29+00:00,2024-01-12 13:46:40+00:00,2024,1,0,476,76,62,414,0.735,1,0
backstage:issues:22138,backstage,issue,22138,2024-01-08 14:32:00+00:00,2024-01-12 16:23:46+00:00,2024,1,0,477,77,63,414,0.735,1,0
backstage:issues:22139,backstage,issue,22139,2024-01-08 15:13:38+00:00,2024-04-26 16:43:52+00:00,2024,0,1,478,78,64,414,0.735,1,0
backstage:issues:22140,backstage,issue,22140,2024-01-08 17:35:53+00:00,2024-04-01 16:39:51+00:00,2024,0,1,479,79,65,414,0.735,1,0
backstage:prs:22141,backstage,pull_request,22141,2024-01-08 19:08:37+00:00,2024-01-16 09:36:54+00:00,2024,1,0,480,80,66,414,0.735,1,0
backstage:issues:22142,backstage,issue,22142,2024-01-08 20:05:51+00:00,2024-01-18 10:27:01+00:00,2024,1,0,481,81,67,414,0.735,1,0
backstage:issues:22143,backstage,issue,22143,2024-01-08 20:10:55+00:00,2024-03-15 20:18:38+00:00,2024,0,1,482,82,68,414,0.735,1,0
backstage:issues:22144,backstage,issue,22144,2024-01-08 20:11:00+00:00,2024-02-06 16:13:59+00:00,2024,1,0,483,83,69,414,0.735,1,0
backstage:prs:22145,backstage,pull_request,22145,2024-01-08 23:31:47+00:00,2024-01-31 14:27:25+00:00,2024,1,0,484,84,70,414,0.735,1,0
backstage:prs:22146,backstage,pull_request,22146,2024-01-09 00:38:37+00:00,2024-01-10 09:38:11+00:00,2024,1,0,485,85,71,414,0.735,1,1
backstage:prs:22147,backstage,pull_request,22147,2024-01-09 07:40:38+00:00,2024-01-09 08:34:37+00:00,2024,1,0,486,86,72,414,0.735,1,1
backstage:prs:22148,backstage,pull_request,22148,2024-01-09 08:32:34+00:00,2024-01-09 12:35:26+00:00,2024,1,0,487,87,71,416,0.735,1,1
backstage:prs:22149,backstage,pull_request,22149,2024-01-09 08:44:14+00:00,2024-01-16 14:56:50+00:00,2024,1,0,488,88,70,418,0.735,1,1
backstage:prs:22150,backstage,pull_request,22150,2024-01-09 08:58:22+00:00,2024-01-17 09:11:43+00:00,2024,1,0,489,89,71,418,0.735,1,1
backstage:prs:22151,backstage,pull_request,22151,2024-01-09 09:25:25+00:00,2024-01-17 09:11:33+00:00,2024,1,0,490,90,72,418,0.735,1,1
backstage:prs:22152,backstage,pull_request,22152,2024-01-09 12:53:41+00:00,2024-01-19 03:32:50+00:00,2024,1,0,491,91,71,420,0.735,1,1
backstage:prs:22153,backstage,pull_request,22153,2024-01-09 14:58:02+00:00,2024-01-20 09:40:14+00:00,2024,1,0,492,92,71,421,0.735,1,1
backstage:prs:22155,backstage,pull_request,22155,2024-01-09 15:30:56+00:00,2024-01-29 21:07:17+00:00,2024,1,0,493,93,72,421,0.735,1,1
backstage:issues:22156,backstage,issue,22156,2024-01-09 15:38:41+00:00,2024-02-06 12:42:35+00:00,2024,1,0,494,94,73,421,0.735,1,1
backstage:issues:22157,backstage,issue,22157,2024-01-09 16:12:32+00:00,2024-01-11 16:10:45+00:00,2024,1,0,495,95,73,422,0.735,1,1
backstage:prs:22158,backstage,pull_request,22158,2024-01-09 17:58:01+00:00,2024-01-10 12:13:55+00:00,2024,1,0,496,96,74,422,0.735,1,1
backstage:issues:22159,backstage,issue,22159,2024-01-09 19:54:59+00:00,2024-01-31 14:26:40+00:00,2024,1,0,497,97,75,422,0.735,1,1
backstage:prs:22160,backstage,pull_request,22160,2024-01-09 20:52:58+00:00,2024-01-10 15:11:45+00:00,2024,1,0,498,98,76,422,0.735,1,1
backstage:prs:22161,backstage,pull_request,22161,2024-01-09 21:25:38+00:00,2024-01-10 12:13:17+00:00,2024,1,0,499,99,77,422,0.735,1,1
backstage:issues:22162,backstage,issue,22162,2024-01-10 08:37:15+00:00,2025-12-09 09:34:34+00:00,2024,0,1,500,100,78,422,0.735,1,2
backstage:prs:22163,backstage,pull_request,22163,2024-01-10 08:52:57+00:00,2024-01-11 12:41:22+00:00,2024,1,0,501,101,79,422,0.735,1,2
backstage:prs:22164,backstage,pull_request,22164,2024-01-10 08:56:55+00:00,2024-01-17 16:45:28+00:00,2024,1,0,502,102,80,422,0.735,1,2
backstage:prs:22165,backstage,pull_request,22165,2024-01-10 09:26:50+00:00,2024-01-21 16:19:56+00:00,2024,1,0,503,103,81,422,0.735,1,2
backstage:prs:22166,backstage,pull_request,22166,2024-01-10 09:42:48+00:00,2024-01-16 12:57:39+00:00,2024,1,0,504,104,81,423,0.735,1,2
backstage:issues:22167,backstage,issue,22167,2024-01-10 10:17:55+00:00,2024-03-18 11:24:26+00:00,2024,0,1,505,105,82,423,0.735,1,2
backstage:prs:22168,backstage,pull_request,22168,2024-01-10 10:28:22+00:00,2024-01-21 14:58:49+00:00,2024,1,0,506,106,83,423,0.735,1,2
backstage:prs:22169,backstage,pull_request,22169,2024-01-10 10:52:36+00:00,2024-01-10 12:12:33+00:00,2024,1,0,507,107,84,423,0.735,1,2
backstage:prs:22170,backstage,pull_request,22170,2024-01-10 11:05:52+00:00,2024-01-10 19:19:19+00:00,2024,1,0,508,108,85,423,0.735,1,2
backstage:issues:22171,backstage,issue,22171,2024-01-10 12:07:11+00:00,2024-01-18 10:30:20+00:00,2024,1,0,509,109,86,423,0.735,1,2
backstage:prs:22172,backstage,pull_request,22172,2024-01-10 12:07:20+00:00,2024-01-10 12:29:49+00:00,2024,1,0,510,110,87,423,0.735,1,2
backstage:prs:22173,backstage,pull_request,22173,2024-01-10 12:31:42+00:00,2024-01-17 11:56:42+00:00,2024,1,0,511,111,84,427,0.735,1,2
backstage:issues:22174,backstage,issue,22174,2024-01-10 12:51:53+00:00,2024-01-16 16:24:41+00:00,2024,1,0,512,112,85,427,0.735,1,2
backstage:prs:22175,backstage,pull_request,22175,2024-01-10 12:54:13+00:00,2024-01-17 13:33:36+00:00,2024,1,0,513,113,86,427,0.735,1,2
backstage:prs:22176,backstage,pull_request,22176,2024-01-10 13:09:45+00:00,2024-01-11 07:57:32+00:00,2024,1,0,514,114,87,427,0.735,1,2
backstage:prs:22177,backstage,pull_request,22177,2024-01-10 13:28:35+00:00,2024-01-18 14:34:01+00:00,2024,1,0,515,115,88,427,0.735,1,2
backstage:issues:22178,backstage,issue,22178,2024-01-10 14:13:27+00:00,2024-03-04 16:02:40+00:00,2024,0,1,516,116,89,427,0.735,1,2
backstage:prs:22179,backstage,pull_request,22179,2024-01-10 14:52:43+00:00,2024-01-10 14:56:12+00:00,2024,1,0,517,117,88,429,0.735,1,2
backstage:prs:22180,backstage,pull_request,22180,2024-01-10 15:05:04+00:00,2024-01-17 09:13:55+00:00,2024,1,0,518,118,87,431,0.735,1,2
backstage:prs:22181,backstage,pull_request,22181,2024-01-10 15:10:51+00:00,2024-01-10 15:23:34+00:00,2024,1,0,519,119,88,431,0.735,1,2
backstage:prs:22182,backstage,pull_request,22182,2024-01-10 15:44:18+00:00,2024-01-10 19:55:36+00:00,2024,1,0,520,120,87,433,0.735,1,2
backstage:issues:22183,backstage,issue,22183,2024-01-10 16:00:24+00:00,2024-03-24 08:53:50+00:00,2024,0,1,521,121,88,433,0.735,1,2
backstage:prs:22184,backstage,pull_request,22184,2024-01-10 16:06:42+00:00,2024-01-15 19:46:29+00:00,2024,1,0,522,122,89,433,0.735,1,2
backstage:prs:22185,backstage,pull_request,22185,2024-01-10 16:30:34+00:00,2024-01-11 00:31:22+00:00,2024,1,0,523,123,89,434,0.735,1,2
backstage:prs:22186,backstage,pull_request,22186,2024-01-10 17:42:11+00:00,2024-01-15 16:08:56+00:00,2024,1,0,524,124,90,434,0.735,1,2
backstage:prs:22187,backstage,pull_request,22187,2024-01-10 18:28:39+00:00,2024-01-17 18:30:11+00:00,2024,1,0,525,125,91,434,0.735,1,2
backstage:issues:22188,backstage,issue,22188,2024-01-10 20:47:32+00:00,2024-01-10 21:05:12+00:00,2024,1,0,526,126,89,437,0.735,1,2
backstage:prs:22189,backstage,pull_request,22189,2024-01-10 22:12:03+00:00,2024-02-06 12:42:34+00:00,2024,1,0,527,127,89,438,0.735,1,2
backstage:prs:22190,backstage,pull_request,22190,2024-01-11 07:34:58+00:00,2024-01-16 14:47:40+00:00,2024,1,0,528,128,89,439,0.735,1,3
backstage:issues:22191,backstage,issue,22191,2024-01-11 08:07:27+00:00,2024-02-07 13:04:49+00:00,2024,1,0,529,129,89,440,0.735,1,3
backstage:issues:22192,backstage,issue,22192,2024-01-11 08:15:04+00:00,2024-02-06 10:13:23+00:00,2024,1,0,530,130,90,440,0.735,1,3
backstage:prs:22193,backstage,pull_request,22193,2024-01-11 10:29:49+00:00,2024-01-11 12:50:43+00:00,2024,1,0,531,131,90,441,0.735,1,3
backstage:issues:22194,backstage,issue,22194,2024-01-11 11:03:14+00:00,2024-01-12 08:55:11+00:00,2024,1,0,532,132,91,441,0.735,1,3
backstage:prs:22195,backstage,pull_request,22195,2024-01-11 11:22:37+00:00,2024-02-01 06:54:52+00:00,2024,1,0,533,133,92,441,0.735,1,3
backstage:prs:22196,backstage,pull_request,22196,2024-01-11 12:09:35+00:00,2024-01-16 14:56:35+00:00,2024,1,0,534,134,93,441,0.735,1,3
backstage:prs:22197,backstage,pull_request,22197,2024-01-11 13:32:18+00:00,2024-01-13 10:26:46+00:00,2024,1,0,535,135,92,443,0.735,1,3
backstage:issues:22198,backstage,issue,22198,2024-01-11 13:41:14+00:00,2024-07-30 13:43:54+00:00,2024,0,1,536,136,93,443,0.735,1,3
backstage:issues:22199,backstage,issue,22199,2024-01-11 15:46:01+00:00,2024-11-15 13:19:38+00:00,2024,0,1,537,137,94,443,0.735,1,3
backstage:prs:22200,backstage,pull_request,22200,2024-01-11 16:23:08+00:00,2024-01-12 10:07:54+00:00,2024,1,0,538,138,93,445,0.735,1,3
backstage:prs:22201,backstage,pull_request,22201,2024-01-11 16:51:12+00:00,2024-01-11 23:44:13+00:00,2024,1,0,539,139,94,445,0.735,1,3
backstage:issues:22202,backstage,issue,22202,2024-01-11 17:16:02+00:00,2024-03-25 16:12:28+00:00,2024,0,1,540,140,95,445,0.735,1,3
backstage:prs:22203,backstage,pull_request,22203,2024-01-11 18:30:14+00:00,2024-01-11 19:01:32+00:00,2024,1,0,541,141,96,445,0.735,1,3
backstage:prs:22204,backstage,pull_request,22204,2024-01-11 18:55:07+00:00,2024-01-11 19:41:31+00:00,2024,1,0,542,142,97,445,0.735,1,3
backstage:prs:22205,backstage,pull_request,22205,2024-01-11 18:57:16+00:00,2024-01-31 15:16:45+00:00,2024,1,0,543,143,98,445,0.735,1,3
backstage:issues:22206,backstage,issue,22206,2024-01-11 19:44:51+00:00,2024-03-25 14:35:14+00:00,2024,0,1,544,144,97,447,0.735,1,3
backstage:issues:22207,backstage,issue,22207,2024-01-11 22:39:00+00:00,2024-01-16 14:12:01+00:00,2024,1,0,545,145,98,447,0.735,1,3
backstage:prs:22208,backstage,pull_request,22208,2024-01-12 01:10:07+00:00,2024-01-21 20:11:17+00:00,2024,1,0,546,146,98,448,0.735,1,4
backstage:issues:22209,backstage,issue,22209,2024-01-12 01:44:05+00:00,2024-05-26 12:55:28+00:00,2024,0,1,547,147,99,448,0.735,1,4
backstage:issues:22213,backstage,issue,22213,2024-01-12 08:55:47+00:00,,2024,0,1,548,148,99,449,0.735,1,4
backstage:issues:22214,backstage,issue,22214,2024-01-12 09:10:50+00:00,2024-01-23 12:46:10+00:00,2024,1,0,549,149,100,449,0.735,1,4
backstage:issues:22215,backstage,issue,22215,2024-01-12 10:00:31+00:00,2024-01-12 10:12:12+00:00,2024,1,0,550,150,101,449,0.735,1,4
backstage:issues:22216,backstage,issue,22216,2024-01-12 10:01:19+00:00,2024-03-14 10:17:09+00:00,2024,0,1,551,151,102,449,0.735,1,4
backstage:issues:22218,backstage,issue,22218,2024-01-12 10:50:31+00:00,2024-03-26 09:16:56+00:00,2024,0,1,552,152,101,451,0.735,1,4
backstage:issues:22219,backstage,issue,22219,2024-01-12 11:49:52+00:00,2024-01-12 12:33:08+00:00,2024,1,0,553,153,102,451,0.735,1,4
backstage:issues:22220,backstage,issue,22220,2024-01-12 12:11:40+00:00,2024-01-15 10:09:16+00:00,2024,1,0,554,154,103,451,0.735,1,4
backstage:issues:22222,backstage,issue,22222,2024-01-12 13:05:31+00:00,2024-01-25 15:34:04+00:00,2024,1,0,555,155,103,452,0.735,1,4
backstage:issues:22238,backstage,issue,22238,2024-01-15 02:56:07+00:00,2024-03-23 14:24:57+00:00,2024,0,1,556,156,101,455,0.735,1,0
backstage:issues:22240,backstage,issue,22240,2024-01-15 07:49:43+00:00,2024-03-22 08:37:04+00:00,2024,0,1,557,157,102,455,0.735,1,0
luigi:prs:3274,luigi,pull_request,3274,2024-01-15 11:03:19+00:00,2024-01-15 11:30:30+00:00,2024,1,0,137,8,47,90,0.5193798449612403,1,0
backstage:issues:22241,backstage,issue,22241,2024-01-15 12:11:03+00:00,2024-05-31 10:48:29+00:00,2024,0,1,558,158,102,456,0.735,1,0
backstage:issues:22244,backstage,issue,22244,2024-01-15 13:02:22+00:00,2026-05-09 14:17:18+00:00,2024,0,1,559,159,103,456,0.735,1,0
backstage:issues:22256,backstage,issue,22256,2024-01-16 11:58:37+00:00,2024-05-03 21:25:23+00:00,2024,0,1,560,160,101,459,0.735,1,1
backstage:issues:22280,backstage,issue,22280,2024-01-17 13:13:28+00:00,2024-01-18 09:55:10+00:00,2024,1,0,561,161,81,480,0.735,1,2
backstage:issues:22290,backstage,issue,22290,2024-01-17 16:02:35+00:00,2024-01-17 17:34:46+00:00,2024,1,0,562,162,81,481,0.735,1,2
backstage:issues:22303,backstage,issue,22303,2024-01-18 04:59:54+00:00,2024-02-02 04:29:23+00:00,2024,1,0,563,163,78,485,0.735,1,3
backstage:issues:22315,backstage,issue,22315,2024-01-18 13:42:16+00:00,2024-01-18 20:02:06+00:00,2024,1,0,564,164,75,489,0.735,1,3
backstage:issues:22318,backstage,issue,22318,2024-01-18 14:26:28+00:00,2024-04-01 21:34:03+00:00,2024,0,1,565,165,76,489,0.735,1,3
backstage:issues:22328,backstage,issue,22328,2024-01-18 16:44:48+00:00,2024-01-18 17:17:55+00:00,2024,1,0,566,166,76,490,0.735,1,3
backstage:issues:22354,backstage,issue,22354,2024-01-19 03:00:47+00:00,2024-02-27 14:47:52+00:00,2024,0,1,567,167,75,492,0.735,1,4
backstage:issues:22375,backstage,issue,22375,2024-01-19 10:50:15+00:00,2024-03-30 14:16:06+00:00,2024,0,1,568,168,74,494,0.735,1,4
backstage:issues:22383,backstage,issue,22383,2024-01-19 14:59:07+00:00,2024-01-25 10:32:53+00:00,2024,1,0,569,169,75,494,0.735,1,4
backstage:issues:22390,backstage,issue,22390,2024-01-19 16:31:49+00:00,2025-03-06 07:56:15+00:00,2024,0,1,570,170,76,494,0.735,1,4
backstage:issues:22393,backstage,issue,22393,2024-01-19 17:22:12+00:00,2024-03-22 15:53:13+00:00,2024,0,1,571,171,77,494,0.735,1,4
backstage:issues:22410,backstage,issue,22410,2024-01-21 16:40:22+00:00,2024-01-23 08:42:55+00:00,2024,1,0,572,172,70,502,0.735,1,6
luigi:prs:3275,luigi,pull_request,3275,2024-01-22 02:10:56+00:00,2024-01-23 10:42:08+00:00,2024,1,0,138,7,47,91,0.5114503816793893,1,0
backstage:issues:22419,backstage,issue,22419,2024-01-22 04:40:18+00:00,2024-04-02 16:39:23+00:00,2024,0,1,573,173,69,504,0.735,1,0
backstage:issues:22421,backstage,issue,22421,2024-01-22 07:04:44+00:00,2024-01-22 10:10:02+00:00,2024,1,0,574,174,70,504,0.735,1,0
backstage:issues:22423,backstage,issue,22423,2024-01-22 08:09:19+00:00,2026-01-16 17:19:24+00:00,2024,0,1,575,175,71,504,0.735,1,0
backstage:issues:22426,backstage,issue,22426,2024-01-22 08:57:02+00:00,2024-01-22 10:03:56+00:00,2024,1,0,576,176,72,504,0.735,1,0
backstage:issues:22439,backstage,issue,22439,2024-01-22 15:27:59+00:00,,2024,0,1,577,177,71,506,0.735,1,0
backstage:issues:22453,backstage,issue,22453,2024-01-22 19:54:38+00:00,2024-02-06 11:02:17+00:00,2024,1,0,578,178,72,506,0.735,1,0
backstage:issues:22460,backstage,issue,22460,2024-01-23 04:57:18+00:00,2024-01-27 16:18:13+00:00,2024,1,0,579,179,73,506,0.735,1,1
backstage:issues:22465,backstage,issue,22465,2024-01-23 10:04:27+00:00,2024-01-25 10:58:06+00:00,2024,1,0,580,180,73,507,0.735,1,1
backstage:issues:22466,backstage,issue,22466,2024-01-23 10:29:08+00:00,2024-06-10 09:19:04+00:00,2024,0,1,581,181,74,507,0.735,1,1
backstage:issues:22467,backstage,issue,22467,2024-01-23 10:34:54+00:00,2024-02-26 16:54:38+00:00,2024,0,1,582,182,75,507,0.735,1,1
luigi:prs:3276,luigi,pull_request,3276,2024-01-23 14:23:06+00:00,2024-01-23 14:25:52+00:00,2024,1,0,139,8,47,92,0.5114503816793893,1,1
backstage:issues:22472,backstage,issue,22472,2024-01-23 16:11:48+00:00,2024-08-31 14:05:24+00:00,2024,0,1,583,183,75,508,0.735,1,1
backstage:issues:22475,backstage,issue,22475,2024-01-23 19:59:17+00:00,2024-01-26 17:08:43+00:00,2024,1,0,584,184,76,508,0.735,1,1
backstage:issues:22476,backstage,issue,22476,2024-01-23 20:12:12+00:00,2024-02-02 08:49:02+00:00,2024,1,0,585,185,77,508,0.735,1,1
backstage:issues:22477,backstage,issue,22477,2024-01-23 20:38:52+00:00,2024-09-12 08:56:08+00:00,2024,0,1,586,186,78,508,0.735,1,1
backstage:issues:22481,backstage,issue,22481,2024-01-24 07:59:19+00:00,2024-02-13 13:36:06+00:00,2024,1,0,587,187,79,508,0.735,1,2
backstage:issues:22485,backstage,issue,22485,2024-01-24 09:42:18+00:00,2024-01-24 19:06:30+00:00,2024,1,0,588,188,80,508,0.735,1,2
backstage:issues:22493,backstage,issue,22493,2024-01-24 14:11:47+00:00,2025-09-08 15:19:59+00:00,2024,0,1,589,189,79,510,0.735,1,2
backstage:issues:22500,backstage,issue,22500,2024-01-25 10:22:31+00:00,2024-04-11 09:27:30+00:00,2024,0,1,590,190,78,512,0.735,1,3
backstage:issues:22501,backstage,issue,22501,2024-01-25 10:29:17+00:00,2024-03-06 09:08:56+00:00,2024,0,1,591,191,79,512,0.735,1,3
backstage:issues:22504,backstage,issue,22504,2024-01-25 10:50:56+00:00,2025-02-06 10:22:54+00:00,2024,0,1,592,192,79,513,0.735,1,3
backstage:issues:22505,backstage,issue,22505,2024-01-25 11:25:25+00:00,,2024,0,1,593,193,79,514,0.735,1,3
backstage:issues:22506,backstage,issue,22506,2024-01-25 11:27:28+00:00,2024-01-30 08:34:11+00:00,2024,1,0,594,194,80,514,0.735,1,3
backstage:issues:22511,backstage,issue,22511,2024-01-25 12:55:53+00:00,2024-03-19 18:24:34+00:00,2024,0,1,595,195,80,515,0.735,1,3
backstage:issues:22516,backstage,issue,22516,2024-01-25 15:48:06+00:00,2024-04-21 04:55:43+00:00,2024,0,1,596,196,80,516,0.735,1,3
backstage:issues:22517,backstage,issue,22517,2024-01-25 16:43:40+00:00,2024-02-15 10:35:06+00:00,2024,1,0,597,197,81,516,0.735,1,3
backstage:issues:22519,backstage,issue,22519,2024-01-25 18:10:07+00:00,2024-04-02 22:01:33+00:00,2024,0,1,598,198,82,516,0.735,1,3
backstage:issues:22522,backstage,issue,22522,2024-01-25 21:24:48+00:00,2024-04-01 21:34:01+00:00,2024,0,1,599,199,83,516,0.735,1,3
luigi:prs:3277,luigi,pull_request,3277,2024-02-15 15:59:58+00:00,2024-08-31 21:42:02+00:00,2024,0,1,140,2,47,93,0.5362318840579711,2,3
luigi:issues:3278,luigi,issue,3278,2024-02-16 10:48:09+00:00,,2024,0,1,141,3,48,93,0.5362318840579711,2,4
luigi:prs:3279,luigi,pull_request,3279,2024-02-28 15:43:32+00:00,2024-08-26 11:47:51+00:00,2024,0,1,142,2,49,93,0.5428571428571428,2,2
luigi:issues:3280,luigi,issue,3280,2024-03-05 10:30:58+00:00,,2024,0,1,143,3,50,93,0.5428571428571428,3,1
luigi:prs:3281,luigi,pull_request,3281,2024-03-12 17:18:51+00:00,2024-04-05 08:09:19+00:00,2024,1,0,144,4,51,93,0.5428571428571428,3,1
luigi:prs:3282,luigi,pull_request,3282,2024-03-13 11:52:47+00:00,2024-04-14 15:04:15+00:00,2024,0,1,145,5,52,93,0.5428571428571428,3,2
luigi:issues:3283,luigi,issue,3283,2024-03-24 16:31:03+00:00,2024-05-06 14:59:04+00:00,2024,0,1,146,4,53,93,0.5352112676056338,3,6
luigi:issues:3284,luigi,issue,3284,2024-04-08 01:41:27+00:00,,2024,0,1,147,3,53,94,0.5277777777777778,4,0
luigi:issues:3285,luigi,issue,3285,2024-04-08 03:52:48+00:00,,2024,0,1,148,4,54,94,0.5277777777777778,4,0
luigi:prs:3286,luigi,pull_request,3286,2024-05-07 19:21:43+00:00,2024-05-08 01:18:57+00:00,2024,1,0,149,2,53,96,0.5238095238095238,5,1
luigi:prs:3287,luigi,pull_request,3287,2024-05-09 13:47:35+00:00,2024-05-19 01:11:35+00:00,2024,1,0,150,1,52,98,0.5167785234899329,5,3
luigi:issues:3288,luigi,issue,3288,2024-05-14 16:04:53+00:00,,2024,0,1,151,2,53,98,0.5167785234899329,5,1
luigi:prs:3289,luigi,pull_request,3289,2024-05-19 11:28:17+00:00,2024-05-19 11:28:38+00:00,2024,1,0,152,3,53,99,0.5167785234899329,5,6
luigi:prs:3290,luigi,pull_request,3290,2024-05-19 16:37:32+00:00,2024-07-13 19:50:15+00:00,2024,0,1,153,4,53,100,0.5167785234899329,5,6
luigi:prs:3291,luigi,pull_request,3291,2024-05-20 08:12:42+00:00,2024-05-20 08:18:49+00:00,2024,1,0,154,5,54,100,0.5167785234899329,5,0
luigi:issues:3292,luigi,issue,3292,2024-06-17 09:15:37+00:00,2024-06-18 10:17:06+00:00,2024,1,0,155,3,53,102,0.5197368421052632,6,0
luigi:issues:3293,luigi,issue,3293,2024-07-11 15:10:18+00:00,2024-07-13 20:03:13+00:00,2024,1,0,156,1,53,103,0.5225806451612903,7,3
luigi:issues:3294,luigi,issue,3294,2024-07-11 16:04:16+00:00,2024-09-18 19:28:12+00:00,2024,0,1,157,2,54,103,0.5225806451612903,7,3
luigi:issues:3295,luigi,issue,3295,2024-07-11 16:09:40+00:00,,2024,0,1,158,3,55,103,0.5225806451612903,7,3
luigi:prs:3296,luigi,pull_request,3296,2024-07-11 16:25:12+00:00,2024-07-13 20:03:12+00:00,2024,1,0,159,4,56,103,0.5225806451612903,7,3
luigi:prs:3297,luigi,pull_request,3297,2024-07-21 12:49:41+00:00,2024-07-21 15:23:57+00:00,2024,1,0,160,4,54,106,0.5256410256410257,7,6
luigi:prs:3298,luigi,pull_request,3298,2024-07-21 17:21:12+00:00,2024-07-22 19:25:40+00:00,2024,1,0,161,5,54,107,0.5256410256410257,7,6
luigi:issues:3299,luigi,issue,3299,2024-08-13 13:12:33+00:00,,2024,0,1,162,2,54,108,0.525,8,1
luigi:issues:3300,luigi,issue,3300,2024-08-24 11:11:45+00:00,2024-09-05 14:33:19+00:00,2024,1,0,163,1,55,108,0.5308641975308642,8,5
luigi:issues:3301,luigi,issue,3301,2024-08-24 11:15:02+00:00,2024-09-07 19:14:48+00:00,2024,1,0,164,2,56,108,0.5308641975308642,8,5
luigi:issues:3302,luigi,issue,3302,2024-08-24 11:21:02+00:00,2024-09-07 14:07:59+00:00,2024,1,0,165,3,57,108,0.5308641975308642,8,5
luigi:issues:3303,luigi,issue,3303,2024-08-24 11:30:29+00:00,2024-09-05 14:51:29+00:00,2024,1,0,166,4,58,108,0.5308641975308642,8,5
luigi:issues:3304,luigi,issue,3304,2024-08-24 11:49:33+00:00,2024-09-05 15:26:40+00:00,2024,1,0,167,5,59,108,0.5308641975308642,8,5
luigi:prs:3305,luigi,pull_request,3305,2024-09-02 13:13:50+00:00,2024-09-24 21:18:41+00:00,2024,1,0,168,6,58,110,0.5308641975308642,9,0
luigi:prs:3306,luigi,pull_request,3306,2024-09-04 11:05:43+00:00,2024-09-04 11:48:28+00:00,2024,1,0,169,7,59,110,0.5308641975308642,9,2
luigi:prs:3307,luigi,pull_request,3307,2024-09-04 13:12:45+00:00,2024-09-05 15:26:39+00:00,2024,1,0,170,8,59,111,0.5308641975308642,9,2
luigi:prs:3308,luigi,pull_request,3308,2024-09-04 13:17:02+00:00,2024-09-05 14:51:28+00:00,2024,1,0,171,9,60,111,0.5308641975308642,9,2
luigi:prs:3309,luigi,pull_request,3309,2024-09-04 13:19:55+00:00,2024-09-07 14:07:58+00:00,2024,1,0,172,10,61,111,0.5308641975308642,9,2
luigi:prs:3310,luigi,pull_request,3310,2024-09-04 13:56:42+00:00,2024-09-05 14:33:18+00:00,2024,1,0,173,11,62,111,0.5308641975308642,9,2
luigi:issues:3311,luigi,issue,3311,2024-09-04 14:07:28+00:00,,2024,0,1,174,12,63,111,0.5308641975308642,9,2
luigi:issues:3312,luigi,issue,3312,2024-09-05 23:51:40+00:00,2024-12-10 06:10:19+00:00,2024,0,1,175,13,58,117,0.5308641975308642,9,3
luigi:issues:3313,luigi,issue,3313,2024-09-11 10:34:11+00:00,,2024,0,1,176,14,56,120,0.5308641975308642,9,2
luigi:prs:3315,luigi,pull_request,3315,2024-09-20 16:38:59+00:00,2024-09-24 21:22:14+00:00,2024,1,0,177,14,56,121,0.5276073619631901,9,4
luigi:prs:3316,luigi,pull_request,3316,2024-10-06 16:07:50+00:00,2024-11-30 00:56:26+00:00,2024,0,1,178,2,55,123,0.5511363636363636,10,6
luigi:issues:3317,luigi,issue,3317,2024-10-20 07:59:41+00:00,,2024,0,1,179,2,56,123,0.5480225988700564,10,6
luigi:issues:3318,luigi,issue,3318,2024-10-28 09:54:47+00:00,,2024,0,1,180,2,57,123,0.550561797752809,10,0
luigi:prs:3319,luigi,pull_request,3319,2024-10-28 19:08:42+00:00,,2024,0,1,181,3,58,123,0.550561797752809,10,0
luigi:issues:3320,luigi,issue,3320,2024-10-29 21:12:24+00:00,2024-10-29 21:29:55+00:00,2024,1,0,182,4,59,123,0.550561797752809,10,1
luigi:prs:3321,luigi,pull_request,3321,2024-11-08 01:26:05+00:00,2024-11-12 01:28:10+00:00,2024,1,0,183,4,59,124,0.547486033519553,11,4
luigi:prs:3322,luigi,pull_request,3322,2024-11-22 07:00:52+00:00,2024-11-22 13:29:47+00:00,2024,1,0,184,4,59,125,0.5444444444444444,11,4
luigi:prs:3323,luigi,pull_request,3323,2024-11-26 08:14:17+00:00,2024-11-30 01:08:56+00:00,2024,1,0,185,5,59,126,0.5444444444444444,11,1
luigi:prs:3324,luigi,pull_request,3324,2024-11-28 13:42:05+00:00,2024-11-30 01:22:04+00:00,2024,1,0,186,4,60,126,0.5384615384615384,11,3
luigi:prs:3325,luigi,pull_request,3325,2024-11-30 02:16:51+00:00,2024-12-04 14:32:18+00:00,2024,1,0,187,4,57,130,0.5409836065573771,11,5
luigi:issues:3326,luigi,issue,3326,2024-12-04 18:34:53+00:00,,2024,0,1,188,5,57,131,0.5409836065573771,12,2
luigi:issues:3327,luigi,issue,3327,2024-12-05 19:36:27+00:00,2025-04-23 04:58:59+00:00,2024,0,1,189,6,58,131,0.5409836065573771,12,3
luigi:prs:3328,luigi,pull_request,3328,2024-12-05 20:03:10+00:00,2024-12-06 00:50:06+00:00,2024,1,0,190,7,59,131,0.5409836065573771,12,3
luigi:prs:3329,luigi,pull_request,3329,2024-12-11 13:57:39+00:00,2024-12-12 02:07:52+00:00,2024,1,0,191,7,58,133,0.5434782608695652,12,2
luigi:issues:3330,luigi,issue,3330,2024-12-15 14:29:57+00:00,,2024,0,1,192,8,58,134,0.5434782608695652,12,6
luigi:issues:3331,luigi,issue,3331,2024-12-16 19:15:42+00:00,,2024,0,1,193,9,59,134,0.5434782608695652,12,0
luigi:prs:3332,luigi,pull_request,3332,2024-12-16 19:20:28+00:00,2024-12-18 00:52:38+00:00,2024,1,0,194,10,60,134,0.5434782608695652,12,0
backstage:prs:28339,backstage,pull_request,28339,2025-01-01 00:48:55+00:00,2025-01-01 01:37:31+00:00,2025,1,0,600,0,14,586,0.73,1,2
backstage:prs:28340,backstage,pull_request,28340,2025-01-01 00:49:46+00:00,2025-01-08 12:14:00+00:00,2025,1,0,601,1,15,586,0.73,1,2
backstage:prs:28341,backstage,pull_request,28341,2025-01-01 01:53:19+00:00,2025-01-01 02:42:35+00:00,2025,1,0,602,2,15,587,0.73,1,2
backstage:prs:28342,backstage,pull_request,28342,2025-01-01 01:53:46+00:00,2025-03-07 12:58:13+00:00,2025,0,1,603,3,16,587,0.73,1,2
backstage:prs:28343,backstage,pull_request,28343,2025-01-01 02:56:08+00:00,2025-03-07 12:58:06+00:00,2025,0,1,604,4,16,588,0.73,1,2
backstage:prs:28344,backstage,pull_request,28344,2025-01-01 05:14:43+00:00,2025-01-30 06:51:51+00:00,2025,1,0,605,5,17,588,0.73,1,2
backstage:prs:28345,backstage,pull_request,28345,2025-01-01 20:00:56+00:00,2025-01-03 09:35:30+00:00,2025,1,0,606,6,18,588,0.73,1,2
backstage:prs:28346,backstage,pull_request,28346,2025-01-02 08:18:59+00:00,2025-01-02 09:25:35+00:00,2025,1,0,607,7,19,588,0.73,1,3
backstage:issues:28347,backstage,issue,28347,2025-01-02 09:10:46+00:00,2025-01-10 13:56:12+00:00,2025,1,0,608,8,20,588,0.73,1,3
backstage:issues:28348,backstage,issue,28348,2025-01-02 09:26:12+00:00,2025-07-21 15:03:25+00:00,2025,0,1,609,9,20,589,0.73,1,3
backstage:prs:28349,backstage,pull_request,28349,2025-01-02 13:14:43+00:00,2025-01-05 02:41:25+00:00,2025,1,0,610,10,21,589,0.73,1,3
backstage:issues:28350,backstage,issue,28350,2025-01-02 13:32:42+00:00,2025-03-17 10:07:12+00:00,2025,0,1,611,11,22,589,0.73,1,3
backstage:prs:28351,backstage,pull_request,28351,2025-01-02 15:00:08+00:00,2025-01-14 07:55:47+00:00,2025,1,0,612,12,23,589,0.73,1,3
backstage:issues:28352,backstage,issue,28352,2025-01-02 18:27:36+00:00,2025-05-16 10:49:15+00:00,2025,0,1,613,13,24,589,0.73,1,3
backstage:prs:28353,backstage,pull_request,28353,2025-01-02 19:50:10+00:00,2025-01-03 09:34:26+00:00,2025,1,0,614,14,25,589,0.73,1,3
backstage:prs:28354,backstage,pull_request,28354,2025-01-02 20:36:12+00:00,2025-01-03 09:29:16+00:00,2025,1,0,615,15,26,589,0.73,1,3
backstage:issues:28355,backstage,issue,28355,2025-01-02 22:25:20+00:00,2025-01-15 14:55:51+00:00,2025,1,0,616,16,27,589,0.73,1,3
backstage:issues:28356,backstage,issue,28356,2025-01-03 07:22:39+00:00,2025-03-15 10:32:26+00:00,2025,0,1,617,17,28,589,0.73,1,4
backstage:issues:28357,backstage,issue,28357,2025-01-03 09:33:16+00:00,2025-02-07 13:16:47+00:00,2025,0,1,618,18,28,590,0.73,1,4
backstage:prs:28358,backstage,pull_request,28358,2025-01-03 12:56:04+00:00,2025-01-03 13:32:35+00:00,2025,1,0,619,19,27,592,0.73,1,4
backstage:prs:28359,backstage,pull_request,28359,2025-01-03 13:08:32+00:00,2025-02-28 10:29:23+00:00,2025,0,1,620,20,28,592,0.73,1,4
backstage:prs:28360,backstage,pull_request,28360,2025-01-03 14:20:38+00:00,2025-01-14 07:55:26+00:00,2025,1,0,621,21,28,593,0.73,1,4
backstage:prs:28361,backstage,pull_request,28361,2025-01-03 16:17:02+00:00,2025-01-06 14:52:47+00:00,2025,1,0,622,22,29,593,0.73,1,4
backstage:issues:28362,backstage,issue,28362,2025-01-03 22:02:22+00:00,2025-01-16 13:12:26+00:00,2025,1,0,623,23,30,593,0.73,1,4
backstage:issues:28363,backstage,issue,28363,2025-01-03 22:08:01+00:00,2025-06-30 22:33:30+00:00,2025,0,1,624,24,31,593,0.73,1,4
backstage:prs:28364,backstage,pull_request,28364,2025-01-04 10:02:43+00:00,2025-01-14 07:55:07+00:00,2025,1,0,625,25,32,593,0.73,1,5
backstage:prs:28365,backstage,pull_request,28365,2025-01-05 03:33:41+00:00,2025-01-16 07:56:04+00:00,2025,1,0,626,26,32,594,0.73,1,6
backstage:prs:28366,backstage,pull_request,28366,2025-01-05 10:36:14+00:00,2025-01-14 07:46:16+00:00,2025,1,0,627,27,33,594,0.73,1,6
backstage:prs:28367,backstage,pull_request,28367,2025-01-05 11:37:23+00:00,2025-01-07 14:02:59+00:00,2025,1,0,628,28,34,594,0.73,1,6
backstage:prs:28368,backstage,pull_request,28368,2025-01-05 18:41:57+00:00,2025-01-07 13:39:29+00:00,2025,1,0,629,29,35,594,0.73,1,6
backstage:prs:28369,backstage,pull_request,28369,2025-01-05 23:10:03+00:00,2025-01-07 14:00:04+00:00,2025,1,0,630,30,36,594,0.73,1,6
backstage:prs:28370,backstage,pull_request,28370,2025-01-06 05:26:33+00:00,2025-01-14 07:45:34+00:00,2025,1,0,631,31,37,594,0.73,1,0
backstage:prs:28371,backstage,pull_request,28371,2025-01-06 05:32:07+00:00,2025-01-14 07:45:12+00:00,2025,1,0,632,32,38,594,0.73,1,0
backstage:prs:28372,backstage,pull_request,28372,2025-01-06 05:41:02+00:00,2025-01-07 13:34:50+00:00,2025,1,0,633,33,39,594,0.73,1,0
backstage:prs:28373,backstage,pull_request,28373,2025-01-06 09:08:22+00:00,2025-01-14 07:44:43+00:00,2025,1,0,634,34,40,594,0.73,1,0
backstage:prs:28374,backstage,pull_request,28374,2025-01-06 11:38:32+00:00,2025-01-14 07:44:22+00:00,2025,1,0,635,35,41,594,0.73,1,0
backstage:prs:28375,backstage,pull_request,28375,2025-01-06 11:58:43+00:00,2025-01-28 09:08:41+00:00,2025,1,0,636,36,42,594,0.73,1,0
backstage:prs:28376,backstage,pull_request,28376,2025-01-06 13:42:41+00:00,2025-01-28 08:28:27+00:00,2025,1,0,637,37,43,594,0.73,1,0
backstage:issues:28377,backstage,issue,28377,2025-01-06 15:13:21+00:00,2025-01-13 09:33:20+00:00,2025,1,0,638,38,43,595,0.73,1,0
backstage:prs:28378,backstage,pull_request,28378,2025-01-06 15:23:40+00:00,2025-01-07 13:16:48+00:00,2025,1,0,639,39,44,595,0.73,1,0
backstage:prs:28379,backstage,pull_request,28379,2025-01-06 15:31:47+00:00,2025-02-06 10:22:53+00:00,2025,0,1,640,40,45,595,0.73,1,0
backstage:issues:28380,backstage,issue,28380,2025-01-06 16:31:53+00:00,2025-05-16 10:57:35+00:00,2025,0,1,641,41,46,595,0.73,1,0
backstage:issues:28381,backstage,issue,28381,2025-01-06 17:38:21+00:00,2025-03-22 22:56:25+00:00,2025,0,1,642,42,47,595,0.73,1,0
backstage:issues:28382,backstage,issue,28382,2025-01-07 00:17:31+00:00,2025-03-19 11:06:20+00:00,2025,0,1,643,43,48,595,0.73,1,1
backstage:prs:28383,backstage,pull_request,28383,2025-01-07 01:13:15+00:00,2025-01-07 09:57:38+00:00,2025,1,0,644,44,49,595,0.73,1,1
backstage:prs:28384,backstage,pull_request,28384,2025-01-07 03:10:38+00:00,2025-01-17 13:16:43+00:00,2025,1,0,645,45,50,595,0.73,1,1
backstage:prs:28385,backstage,pull_request,28385,2025-01-07 06:38:20+00:00,2025-01-07 12:37:33+00:00,2025,1,0,646,46,51,595,0.73,1,1
backstage:issues:28386,backstage,issue,28386,2025-01-07 10:12:13+00:00,2025-01-30 09:20:51+00:00,2025,1,0,647,47,51,596,0.73,1,1
backstage:prs:28387,backstage,pull_request,28387,2025-01-07 13:56:26+00:00,2025-01-28 14:06:07+00:00,2025,1,0,648,48,48,600,0.73,1,1
backstage:prs:28388,backstage,pull_request,28388,2025-01-07 14:10:27+00:00,2025-01-30 12:09:51+00:00,2025,1,0,649,49,47,602,0.73,1,1
backstage:prs:28389,backstage,pull_request,28389,2025-01-07 15:10:55+00:00,2025-01-07 16:15:31+00:00,2025,1,0,650,50,48,602,0.73,1,1
backstage:prs:28390,backstage,pull_request,28390,2025-01-07 15:39:37+00:00,2025-01-07 16:43:49+00:00,2025,1,0,651,51,49,602,0.73,1,1
backstage:prs:28391,backstage,pull_request,28391,2025-01-07 16:49:21+00:00,2025-01-09 13:56:18+00:00,2025,1,0,652,52,48,604,0.73,1,1
backstage:issues:28392,backstage,issue,28392,2025-01-07 19:06:00+00:00,2025-01-14 07:47:53+00:00,2025,1,0,653,53,49,604,0.73,1,1
backstage:prs:28393,backstage,pull_request,28393,2025-01-07 20:33:54+00:00,2025-04-22 12:17:27+00:00,2025,0,1,654,54,50,604,0.73,1,1
backstage:issues:28394,backstage,issue,28394,2025-01-07 23:46:58+00:00,2025-03-17 09:53:47+00:00,2025,0,1,655,55,51,604,0.73,1,1
backstage:prs:28395,backstage,pull_request,28395,2025-01-08 02:00:39+00:00,2025-01-14 14:59:33+00:00,2025,1,0,656,56,52,604,0.73,1,2
backstage:prs:28396,backstage,pull_request,28396,2025-01-08 02:58:34+00:00,2025-02-05 20:42:22+00:00,2025,1,0,657,57,53,604,0.73,1,2
backstage:prs:28397,backstage,pull_request,28397,2025-01-08 06:49:52+00:00,2025-01-28 08:02:53+00:00,2025,1,0,658,58,54,604,0.73,1,2
backstage:issues:28398,backstage,issue,28398,2025-01-08 07:48:17+00:00,2025-03-16 08:07:28+00:00,2025,0,1,659,59,55,604,0.73,1,2
backstage:issues:28399,backstage,issue,28399,2025-01-08 09:10:00+00:00,2025-01-09 10:02:53+00:00,2025,1,0,660,60,56,604,0.73,1,2
backstage:prs:28400,backstage,pull_request,28400,2025-01-08 11:33:42+00:00,2025-01-15 09:17:27+00:00,2025,1,0,661,61,57,604,0.73,1,2
backstage:prs:28401,backstage,pull_request,28401,2025-01-08 11:37:24+00:00,2025-01-08 12:28:55+00:00,2025,1,0,662,62,58,604,0.73,1,2
backstage:issues:28402,backstage,issue,28402,2025-01-08 11:50:47+00:00,2025-03-21 09:35:38+00:00,2025,0,1,663,63,59,604,0.73,1,2
backstage:prs:28403,backstage,pull_request,28403,2025-01-08 11:51:41+00:00,2025-01-23 18:54:35+00:00,2025,1,0,664,64,60,604,0.73,1,2
backstage:issues:28404,backstage,issue,28404,2025-01-08 11:59:56+00:00,2025-01-09 08:37:06+00:00,2025,1,0,665,65,61,604,0.73,1,2
backstage:prs:28405,backstage,pull_request,28405,2025-01-08 12:28:27+00:00,2025-01-08 13:01:32+00:00,2025,1,0,666,66,61,605,0.73,1,2
backstage:prs:28406,backstage,pull_request,28406,2025-01-08 12:29:13+00:00,2025-01-08 13:01:35+00:00,2025,1,0,667,67,61,606,0.73,1,2
backstage:issues:28407,backstage,issue,28407,2025-01-08 12:58:51+00:00,2025-05-23 10:20:57+00:00,2025,0,1,668,68,62,606,0.73,1,2
backstage:prs:28408,backstage,pull_request,28408,2025-01-08 13:16:24+00:00,2025-01-08 13:49:23+00:00,2025,1,0,669,69,61,608,0.73,1,2
backstage:prs:28409,backstage,pull_request,28409,2025-01-08 13:17:01+00:00,2025-08-25 12:34:02+00:00,2025,0,1,670,70,62,608,0.73,1,2
backstage:prs:28410,backstage,pull_request,28410,2025-01-08 14:44:30+00:00,2025-01-08 16:41:53+00:00,2025,1,0,671,71,62,609,0.73,1,2
backstage:prs:28411,backstage,pull_request,28411,2025-01-08 15:28:08+00:00,2025-01-16 05:57:50+00:00,2025,1,0,672,72,63,609,0.73,1,2
backstage:prs:28412,backstage,pull_request,28412,2025-01-08 15:30:33+00:00,2025-01-08 16:56:37+00:00,2025,1,0,673,73,64,609,0.73,1,2
backstage:prs:28413,backstage,pull_request,28413,2025-01-08 16:58:12+00:00,2025-01-08 17:54:17+00:00,2025,1,0,674,74,63,611,0.73,1,2
backstage:prs:28414,backstage,pull_request,28414,2025-01-08 17:15:40+00:00,2025-01-08 17:54:21+00:00,2025,1,0,675,75,64,611,0.73,1,2
backstage:prs:28415,backstage,pull_request,28415,2025-01-08 18:10:31+00:00,2025-01-17 21:58:51+00:00,2025,1,0,676,76,63,613,0.73,1,2
backstage:prs:28416,backstage,pull_request,28416,2025-01-08 18:12:08+00:00,2025-01-10 02:35:44+00:00,2025,1,0,677,77,64,613,0.73,1,2
backstage:issues:28417,backstage,issue,28417,2025-01-08 18:43:50+00:00,2025-01-15 16:26:48+00:00,2025,1,0,678,78,65,613,0.73,1,2
backstage:prs:28418,backstage,pull_request,28418,2025-01-09 05:59:54+00:00,2025-01-27 21:17:27+00:00,2025,1,0,679,79,66,613,0.73,1,3
backstage:prs:28419,backstage,pull_request,28419,2025-01-09 07:02:29+00:00,2025-01-14 07:40:41+00:00,2025,1,0,680,80,67,613,0.73,1,3
backstage:prs:28420,backstage,pull_request,28420,2025-01-09 08:19:25+00:00,2025-02-05 12:25:44+00:00,2025,1,0,681,81,68,613,0.73,1,3
backstage:issues:28421,backstage,issue,28421,2025-01-09 09:22:38+00:00,2025-01-24 08:18:43+00:00,2025,1,0,682,82,68,614,0.73,1,3
backstage:issues:28422,backstage,issue,28422,2025-01-09 09:45:26+00:00,2025-01-16 15:59:46+00:00,2025,1,0,683,83,69,614,0.73,1,3
backstage:prs:28423,backstage,pull_request,28423,2025-01-09 11:58:40+00:00,2025-01-10 11:11:34+00:00,2025,1,0,684,84,69,615,0.73,1,3
backstage:prs:28424,backstage,pull_request,28424,2025-01-09 14:08:11+00:00,2025-01-28 13:01:16+00:00,2025,1,0,685,85,69,616,0.73,1,3
backstage:prs:28425,backstage,pull_request,28425,2025-01-09 14:13:52+00:00,2025-01-09 16:27:51+00:00,2025,1,0,686,86,70,616,0.73,1,3
backstage:prs:28426,backstage,pull_request,28426,2025-01-09 14:39:47+00:00,2025-01-14 13:23:56+00:00,2025,1,0,687,87,71,616,0.73,1,3
backstage:issues:28427,backstage,issue,28427,2025-01-10 00:08:38+00:00,2025-01-28 08:49:19+00:00,2025,1,0,688,88,71,617,0.73,1,4
backstage:prs:28428,backstage,pull_request,28428,2025-01-10 02:52:23+00:00,2025-01-10 03:26:25+00:00,2025,1,0,689,89,71,618,0.73,1,4
backstage:prs:28429,backstage,pull_request,28429,2025-01-10 03:40:56+00:00,2025-01-15 12:20:31+00:00,2025,1,0,690,90,71,619,0.73,1,4
backstage:prs:28430,backstage,pull_request,28430,2025-01-10 08:55:14+00:00,2025-01-10 14:52:52+00:00,2025,1,0,691,91,72,619,0.73,1,4
backstage:issues:28431,backstage,issue,28431,2025-01-10 11:09:00+00:00,2025-04-30 12:55:49+00:00,2025,0,1,692,92,73,619,0.73,1,4
backstage:prs:28432,backstage,pull_request,28432,2025-01-10 12:52:43+00:00,2025-01-10 13:10:24+00:00,2025,1,0,693,93,73,620,0.73,1,4
backstage:prs:28433,backstage,pull_request,28433,2025-01-10 13:03:53+00:00,2025-01-14 07:20:45+00:00,2025,1,0,694,94,74,620,0.73,1,4
backstage:prs:28434,backstage,pull_request,28434,2025-01-10 14:00:26+00:00,2025-01-10 14:32:36+00:00,2025,1,0,695,95,73,622,0.73,1,4
backstage:issues:28435,backstage,issue,28435,2025-01-10 14:17:06+00:00,2025-01-15 16:02:44+00:00,2025,1,0,696,96,74,622,0.73,1,4
backstage:prs:28436,backstage,pull_request,28436,2025-01-10 14:25:46+00:00,2025-03-07 07:08:14+00:00,2025,0,1,697,97,75,622,0.73,1,4
backstage:prs:28437,backstage,pull_request,28437,2025-01-10 15:58:23+00:00,2025-05-08 15:00:59+00:00,2025,0,1,698,98,74,624,0.73,1,4
backstage:prs:28438,backstage,pull_request,28438,2025-01-10 21:18:21+00:00,2025-01-14 07:53:43+00:00,2025,1,0,699,99,75,624,0.73,1,4
backstage:prs:28439,backstage,pull_request,28439,2025-01-10 21:22:06+00:00,2025-01-14 07:47:52+00:00,2025,1,0,700,100,76,624,0.73,1,4
backstage:prs:28440,backstage,pull_request,28440,2025-01-10 23:12:49+00:00,2025-01-28 08:49:17+00:00,2025,1,0,701,101,77,624,0.73,1,4
backstage:prs:28441,backstage,pull_request,28441,2025-01-11 11:01:53+00:00,2025-01-24 08:18:41+00:00,2025,1,0,702,102,78,624,0.73,1,5
backstage:prs:28442,backstage,pull_request,28442,2025-01-11 11:10:50+00:00,2025-01-12 09:10:18+00:00,2025,1,0,703,103,79,624,0.73,1,5
backstage:prs:28443,backstage,pull_request,28443,2025-01-12 12:09:14+00:00,2025-03-13 21:52:13+00:00,2025,0,1,704,104,79,625,0.73,1,6
backstage:prs:28444,backstage,pull_request,28444,2025-01-12 13:21:54+00:00,2025-01-14 08:54:18+00:00,2025,1,0,705,105,80,625,0.73,1,6
backstage:prs:28445,backstage,pull_request,28445,2025-01-12 15:07:26+00:00,2025-01-16 13:49:14+00:00,2025,1,0,706,106,81,625,0.73,1,6
backstage:prs:28446,backstage,pull_request,28446,2025-01-12 21:52:58+00:00,2025-01-14 18:15:16+00:00,2025,1,0,707,107,82,625,0.73,1,6
backstage:prs:28447,backstage,pull_request,28447,2025-01-13 05:22:09+00:00,2025-01-14 07:23:28+00:00,2025,1,0,708,108,83,625,0.73,1,0
backstage:issues:28448,backstage,issue,28448,2025-01-13 08:03:31+00:00,2025-09-26 15:06:39+00:00,2025,0,1,709,109,84,625,0.73,1,0
backstage:prs:28449,backstage,pull_request,28449,2025-01-13 08:38:41+00:00,2025-05-07 10:01:39+00:00,2025,0,1,710,110,85,625,0.73,1,0
backstage:prs:28450,backstage,pull_request,28450,2025-01-13 10:36:24+00:00,2025-01-14 08:52:07+00:00,2025,1,0,711,111,85,626,0.73,1,0
backstage:prs:28451,backstage,pull_request,28451,2025-01-13 10:45:46+00:00,2025-01-13 10:57:43+00:00,2025,1,0,712,112,86,626,0.73,1,0
backstage:prs:28452,backstage,pull_request,28452,2025-01-13 12:36:29+00:00,2025-01-14 19:01:09+00:00,2025,1,0,713,113,86,627,0.73,1,0
backstage:prs:28453,backstage,pull_request,28453,2025-01-13 13:33:57+00:00,2025-01-14 07:21:54+00:00,2025,1,0,714,114,87,627,0.73,1,0
backstage:issues:28454,backstage,issue,28454,2025-01-13 14:39:43+00:00,2025-03-29 16:56:43+00:00,2025,0,1,715,115,88,627,0.73,1,0
backstage:prs:28455,backstage,pull_request,28455,2025-01-13 15:03:26+00:00,2025-01-17 17:26:16+00:00,2025,1,0,716,116,89,627,0.73,1,0
luigi:prs:3333,luigi,pull_request,3333,2025-01-13 15:46:37+00:00,2025-01-15 01:03:06+00:00,2025,1,0,195,3,60,135,0.5520833333333334,1,0
backstage:issues:28456,backstage,issue,28456,2025-01-13 16:03:32+00:00,2025-04-07 15:10:29+00:00,2025,0,1,717,117,90,627,0.73,1,0
backstage:issues:28457,backstage,issue,28457,2025-01-13 18:00:51+00:00,2025-01-16 13:49:15+00:00,2025,1,0,718,118,91,627,0.73,1,0
backstage:issues:28458,backstage,issue,28458,2025-01-14 01:54:56+00:00,2025-03-28 10:09:51+00:00,2025,0,1,719,119,92,627,0.73,1,1
backstage:issues:28459,backstage,issue,28459,2025-01-14 05:55:30+00:00,2025-05-26 11:06:50+00:00,2025,0,1,720,120,93,627,0.73,1,1
backstage:prs:28460,backstage,pull_request,28460,2025-01-14 07:23:27+00:00,2025-01-14 12:18:08+00:00,2025,1,0,721,121,92,629,0.73,1,1
backstage:prs:28461,backstage,pull_request,28461,2025-01-14 07:35:44+00:00,2025-01-14 09:40:26+00:00,2025,1,0,722,122,92,630,0.73,1,1
backstage:prs:28462,backstage,pull_request,28462,2025-01-14 08:03:09+00:00,2025-02-05 20:20:23+00:00,2025,1,0,723,123,81,642,0.73,1,1
backstage:prs:28463,backstage,pull_request,28463,2025-01-14 08:36:40+00:00,2025-01-15 00:20:50+00:00,2025,1,0,724,124,82,642,0.73,1,1
backstage:prs:28464,backstage,pull_request,28464,2025-01-14 09:38:31+00:00,2025-01-14 09:48:41+00:00,2025,1,0,725,125,81,644,0.73,1,1
backstage:prs:28465,backstage,pull_request,28465,2025-01-14 09:50:09+00:00,2025-02-28 17:29:48+00:00,2025,0,1,726,126,80,646,0.73,1,1
backstage:prs:28466,backstage,pull_request,28466,2025-01-14 11:06:01+00:00,2025-01-14 11:57:23+00:00,2025,1,0,727,127,81,646,0.73,1,1
backstage:issues:28467,backstage,issue,28467,2025-01-14 11:06:20+00:00,2025-01-23 08:41:48+00:00,2025,1,0,728,128,82,646,0.73,1,1
backstage:prs:28468,backstage,pull_request,28468,2025-01-14 12:13:01+00:00,2025-01-16 14:52:56+00:00,2025,1,0,729,129,82,647,0.73,1,1
backstage:prs:28469,backstage,pull_request,28469,2025-01-14 12:54:31+00:00,2025-01-14 13:26:18+00:00,2025,1,0,730,130,82,648,0.73,1,1
backstage:prs:28470,backstage,pull_request,28470,2025-01-14 13:12:55+00:00,2025-01-14 14:38:05+00:00,2025,1,0,731,131,83,648,0.73,1,1
backstage:issues:28471,backstage,issue,28471,2025-01-14 14:17:07+00:00,2025-01-16 15:55:08+00:00,2025,1,0,732,132,82,650,0.73,1,1
backstage:issues:28472,backstage,issue,28472,2025-01-14 14:56:39+00:00,2025-03-24 11:28:57+00:00,2025,0,1,733,133,82,651,0.73,1,1
backstage:issues:28473,backstage,issue,28473,2025-01-14 14:58:42+00:00,2025-01-16 10:31:25+00:00,2025,1,0,734,134,83,651,0.73,1,1
backstage:prs:28474,backstage,pull_request,28474,2025-01-14 15:04:28+00:00,2025-01-21 15:00:19+00:00,2025,1,0,735,135,83,652,0.73,1,1
backstage:issues:28475,backstage,issue,28475,2025-01-14 15:15:51+00:00,2025-01-15 10:30:29+00:00,2025,1,0,736,136,84,652,0.73,1,1
backstage:prs:28476,backstage,pull_request,28476,2025-01-14 16:28:40+00:00,2025-01-14 17:10:48+00:00,2025,1,0,737,137,85,652,0.73,1,1
backstage:issues:28485,backstage,issue,28485,2025-01-15 08:35:02+00:00,2025-01-16 11:59:35+00:00,2025,1,0,738,138,82,656,0.73,1,2
backstage:issues:28486,backstage,issue,28486,2025-01-15 09:20:56+00:00,2025-05-26 10:11:00+00:00,2025,0,1,739,139,82,657,0.73,1,2
backstage:issues:28490,backstage,issue,28490,2025-01-15 12:10:29+00:00,2025-11-10 11:54:01+00:00,2025,0,1,740,140,82,658,0.73,1,2
backstage:issues:28492,backstage,issue,28492,2025-01-15 12:28:34+00:00,2025-03-24 22:24:52+00:00,2025,0,1,741,141,82,659,0.73,1,2
backstage:issues:28505,backstage,issue,28505,2025-01-15 18:31:52+00:00,2025-03-24 11:07:02+00:00,2025,0,1,742,142,80,662,0.73,1,2
backstage:issues:28507,backstage,issue,28507,2025-01-15 18:37:27+00:00,2025-01-18 07:57:45+00:00,2025,1,0,743,143,81,662,0.73,1,2
backstage:issues:28508,backstage,issue,28508,2025-01-15 18:39:34+00:00,2025-01-16 14:01:07+00:00,2025,1,0,744,144,82,662,0.73,1,2
backstage:issues:28509,backstage,issue,28509,2025-01-15 18:42:53+00:00,2025-01-16 14:24:56+00:00,2025,1,0,745,145,83,662,0.73,1,2
backstage:issues:28510,backstage,issue,28510,2025-01-15 18:47:49+00:00,2025-03-28 12:33:12+00:00,2025,0,1,746,146,84,662,0.73,1,2
backstage:issues:28513,backstage,issue,28513,2025-01-15 22:49:59+00:00,2025-11-18 07:35:58+00:00,2025,0,1,747,147,85,662,0.73,1,2
backstage:issues:28515,backstage,issue,28515,2025-01-16 06:15:56+00:00,2025-05-12 10:50:01+00:00,2025,0,1,748,148,85,663,0.73,1,3
backstage:issues:28516,backstage,issue,28516,2025-01-16 07:28:23+00:00,2025-05-04 23:38:30+00:00,2025,0,1,749,149,86,663,0.73,1,3
backstage:issues:28517,backstage,issue,28517,2025-01-16 07:52:04+00:00,2025-05-26 11:47:07+00:00,2025,0,1,750,150,87,663,0.73,1,3
backstage:issues:28519,backstage,issue,28519,2025-01-16 08:22:49+00:00,2025-05-26 11:47:06+00:00,2025,0,1,751,151,87,664,0.73,1,3
backstage:issues:28523,backstage,issue,28523,2025-01-16 11:13:30+00:00,2025-04-01 15:47:13+00:00,2025,0,1,752,152,87,665,0.73,1,3
backstage:issues:28536,backstage,issue,28536,2025-01-16 19:30:13+00:00,2025-04-02 12:55:42+00:00,2025,0,1,753,153,79,674,0.73,1,3
backstage:issues:28538,backstage,issue,28538,2025-01-16 21:56:13+00:00,2025-03-28 11:05:36+00:00,2025,0,1,754,154,80,674,0.73,1,3
backstage:issues:28540,backstage,issue,28540,2025-01-17 09:26:37+00:00,2025-04-16 10:06:51+00:00,2025,0,1,755,155,81,674,0.73,1,4
luigi:issues:3334,luigi,issue,3334,2025-01-17 12:27:16+00:00,2025-01-20 14:05:57+00:00,2025,1,0,196,1,60,136,0.5487179487179488,1,4
luigi:prs:3335,luigi,pull_request,3335,2025-01-17 20:39:57+00:00,2025-01-20 14:05:55+00:00,2025,1,0,197,2,61,136,0.5487179487179488,1,4
luigi:prs:3336,luigi,pull_request,3336,2025-01-18 08:37:09+00:00,2025-01-19 01:45:26+00:00,2025,1,0,198,3,62,136,0.5487179487179488,1,5
luigi:prs:3337,luigi,pull_request,3337,2025-01-18 21:43:57+00:00,2025-01-18 21:46:34+00:00,2025,1,0,199,4,63,136,0.5487179487179488,1,5
luigi:prs:3338,luigi,pull_request,3338,2025-01-19 07:11:35+00:00,2025-04-23 04:58:58+00:00,2025,0,1,200,5,62,138,0.5487179487179488,1,6
backstage:issues:28549,backstage,issue,28549,2025-01-19 11:51:36+00:00,2025-03-27 12:10:21+00:00,2025,0,1,756,156,78,678,0.73,1,6
backstage:issues:28552,backstage,issue,28552,2025-01-20 07:54:04+00:00,2025-01-20 09:13:25+00:00,2025,1,0,757,157,79,678,0.73,1,0
backstage:issues:28557,backstage,issue,28557,2025-01-20 12:28:00+00:00,2025-01-23 10:47:33+00:00,2025,1,0,758,158,79,679,0.73,1,0
luigi:prs:3339,luigi,pull_request,3339,2025-01-20 20:54:55+00:00,2025-02-01 21:38:48+00:00,2025,1,0,201,6,61,140,0.5487179487179488,1,0
backstage:issues:28565,backstage,issue,28565,2025-01-21 06:35:33+00:00,2025-02-10 09:44:59+00:00,2025,1,0,759,159,80,679,0.73,1,1
backstage:issues:28566,backstage,issue,28566,2025-01-21 07:54:23+00:00,2025-02-12 09:39:55+00:00,2025,1,0,760,160,81,679,0.73,1,1
backstage:issues:28568,backstage,issue,28568,2025-01-21 08:39:47+00:00,2025-04-24 09:11:47+00:00,2025,0,1,761,161,82,679,0.73,1,1
backstage:issues:28587,backstage,issue,28587,2025-01-22 13:58:28+00:00,2025-02-03 09:25:50+00:00,2025,1,0,762,162,82,680,0.73,1,2
backstage:issues:28590,backstage,issue,28590,2025-01-22 20:13:26+00:00,2025-01-27 12:47:41+00:00,2025,1,0,763,163,83,680,0.73,1,2
backstage:issues:28592,backstage,issue,28592,2025-01-22 22:32:36+00:00,2025-04-07 11:20:04+00:00,2025,0,1,764,164,84,680,0.73,1,2
backstage:issues:28594,backstage,issue,28594,2025-01-23 08:53:19+00:00,2025-04-21 10:20:18+00:00,2025,0,1,765,165,84,681,0.73,1,3
backstage:issues:28598,backstage,issue,28598,2025-01-23 12:45:51+00:00,2025-01-29 18:53:07+00:00,2025,1,0,766,166,84,682,0.73,1,3
backstage:issues:28601,backstage,issue,28601,2025-01-23 15:50:41+00:00,2025-01-24 12:12:17+00:00,2025,1,0,767,167,85,682,0.73,1,3
backstage:issues:28603,backstage,issue,28603,2025-01-23 17:27:21+00:00,2025-01-27 09:39:52+00:00,2025,1,0,768,168,86,682,0.73,1,3
backstage:issues:28605,backstage,issue,28605,2025-01-23 19:17:09+00:00,2025-05-30 10:20:30+00:00,2025,0,1,769,169,86,683,0.73,1,3
backstage:issues:28615,backstage,issue,28615,2025-01-24 06:25:43+00:00,2025-04-11 11:37:24+00:00,2025,0,1,770,170,87,683,0.73,1,4
backstage:issues:28617,backstage,issue,28617,2025-01-24 13:35:37+00:00,2025-01-29 16:38:45+00:00,2025,1,0,771,171,85,686,0.73,1,4
backstage:issues:28618,backstage,issue,28618,2025-01-24 14:50:04+00:00,2025-01-29 09:09:11+00:00,2025,1,0,772,172,86,686,0.73,1,4
backstage:issues:28622,backstage,issue,28622,2025-01-24 22:52:31+00:00,2025-04-15 13:13:49+00:00,2025,0,1,773,173,87,686,0.73,1,4
backstage:issues:28627,backstage,issue,28627,2025-01-27 14:02:25+00:00,2026-01-19 11:22:02+00:00,2025,0,1,774,174,85,689,0.73,1,0
backstage:issues:28636,backstage,issue,28636,2025-01-28 09:20:37+00:00,2025-07-01 14:24:10+00:00,2025,0,1,775,175,80,695,0.73,1,1
backstage:issues:28638,backstage,issue,28638,2025-01-28 09:43:11+00:00,2025-02-17 13:05:22+00:00,2025,1,0,776,176,81,695,0.73,1,1
backstage:issues:28639,backstage,issue,28639,2025-01-28 09:49:03+00:00,2025-01-30 10:25:16+00:00,2025,1,0,777,177,82,695,0.73,1,1
backstage:issues:28640,backstage,issue,28640,2025-01-28 10:09:56+00:00,2025-06-10 08:56:38+00:00,2025,0,1,778,178,83,695,0.73,1,1
backstage:issues:28641,backstage,issue,28641,2025-01-28 10:42:41+00:00,2025-02-03 09:26:08+00:00,2025,1,0,779,179,84,695,0.73,1,1
backstage:issues:28646,backstage,issue,28646,2025-01-29 06:54:05+00:00,2025-06-13 09:46:45+00:00,2025,0,1,780,180,83,697,0.73,1,2
backstage:issues:28670,backstage,issue,28670,2025-01-29 18:45:42+00:00,2025-04-07 09:45:34+00:00,2025,0,1,781,181,82,699,0.73,1,2
backstage:issues:28675,backstage,issue,28675,2025-01-30 08:06:28+00:00,2025-01-30 08:24:40+00:00,2025,1,0,782,182,81,701,0.73,1,3
backstage:issues:28676,backstage,issue,28676,2025-01-30 09:00:54+00:00,2025-01-30 10:55:11+00:00,2025,1,0,783,183,81,702,0.73,1,3
backstage:issues:28678,backstage,issue,28678,2025-01-30 11:12:03+00:00,2025-02-11 14:02:51+00:00,2025,1,0,784,184,79,705,0.73,1,3
backstage:issues:28685,backstage,issue,28685,2025-01-30 17:46:58+00:00,2025-02-26 14:32:18+00:00,2025,1,0,785,185,79,706,0.73,1,3
backstage:issues:28690,backstage,issue,28690,2025-01-31 11:48:01+00:00,2026-04-07 16:33:27+00:00,2025,0,1,786,180,80,706,0.7293729372937293,1,4
backstage:issues:28694,backstage,issue,28694,2025-01-31 13:39:14+00:00,2025-04-07 08:40:35+00:00,2025,0,1,787,181,81,706,0.7293729372937293,1,4
backstage:issues:28698,backstage,issue,28698,2025-01-31 16:10:02+00:00,2025-02-14 18:22:58+00:00,2025,1,0,788,182,82,706,0.7293729372937293,1,4
backstage:issues:28700,backstage,issue,28700,2025-01-31 22:44:33+00:00,2025-02-12 18:23:49+00:00,2025,1,0,789,182,83,706,0.729818780889621,1,4
luigi:issues:3340,luigi,issue,3340,2025-02-02 06:42:51+00:00,,2025,0,1,202,7,61,141,0.5487179487179488,2,6
backstage:issues:28709,backstage,issue,28709,2025-02-03 19:21:54+00:00,2025-06-09 09:32:55+00:00,2025,0,1,790,164,82,708,0.7268370607028753,2,0
backstage:issues:28713,backstage,issue,28713,2025-02-04 09:12:59+00:00,2025-02-07 08:37:58+00:00,2025,1,0,791,164,83,708,0.7272727272727273,2,1
backstage:issues:28714,backstage,issue,28714,2025-02-04 10:08:52+00:00,2025-04-19 10:43:59+00:00,2025,0,1,792,165,84,708,0.7272727272727273,2,1
backstage:issues:28716,backstage,issue,28716,2025-02-04 12:56:14+00:00,2025-02-04 13:02:32+00:00,2025,1,0,793,164,85,708,0.7281399046104928,2,1
backstage:issues:28718,backstage,issue,28718,2025-02-04 13:21:10+00:00,2025-02-13 11:03:56+00:00,2025,1,0,794,165,85,709,0.7281399046104928,2,1
backstage:issues:28720,backstage,issue,28720,2025-02-04 14:28:07+00:00,2025-02-10 07:18:57+00:00,2025,1,0,795,166,86,709,0.7281399046104928,2,1
backstage:issues:28722,backstage,issue,28722,2025-02-04 17:30:53+00:00,2025-04-14 09:56:43+00:00,2025,0,1,796,167,87,709,0.7281399046104928,2,1
backstage:issues:28723,backstage,issue,28723,2025-02-04 20:03:57+00:00,2025-02-18 15:49:41+00:00,2025,1,0,797,167,88,709,0.7285714285714285,2,1
backstage:issues:28724,backstage,issue,28724,2025-02-04 22:27:04+00:00,2025-04-14 09:48:09+00:00,2025,0,1,798,168,89,709,0.7285714285714285,2,1
backstage:issues:28725,backstage,issue,28725,2025-02-04 23:19:29+00:00,2025-02-25 18:03:03+00:00,2025,1,0,799,168,90,709,0.7290015847860539,2,1
luigi:issues:3341,luigi,issue,3341,2025-02-14 08:05:32+00:00,2025-02-14 09:06:46+00:00,2025,1,0,203,7,62,141,0.5510204081632653,2,4
luigi:issues:3342,luigi,issue,3342,2025-02-14 15:46:01+00:00,,2025,0,1,204,8,62,142,0.5510204081632653,2,4
luigi:prs:3343,luigi,pull_request,3343,2025-02-14 15:47:55+00:00,2025-05-16 23:46:59+00:00,2025,0,1,205,9,63,142,0.5510204081632653,2,4
luigi:issues:3344,luigi,issue,3344,2025-02-23 19:12:26+00:00,,2025,0,1,206,4,64,142,0.5594059405940595,2,6
luigi:issues:3345,luigi,issue,3345,2025-04-11 13:00:56+00:00,2026-02-22 11:44:06+00:00,2025,0,1,207,0,65,142,0.5507246376811594,4,4
luigi:prs:3346,luigi,pull_request,3346,2025-04-14 13:41:16+00:00,,2025,0,1,208,1,66,142,0.5507246376811594,4,0
luigi:issues:3347,luigi,issue,3347,2025-04-16 18:10:50+00:00,,2025,0,1,209,2,67,142,0.5507246376811594,4,2
luigi:prs:3348,luigi,pull_request,3348,2025-04-23 05:49:22+00:00,2025-04-23 06:28:57+00:00,2025,1,0,210,3,66,144,0.5507246376811594,4,2
luigi:prs:3349,luigi,pull_request,3349,2025-04-29 07:32:30+00:00,2025-05-01 01:51:27+00:00,2025,1,0,211,4,66,145,0.5507246376811594,4,1
luigi:issues:3350,luigi,issue,3350,2025-05-05 13:04:00+00:00,2026-02-24 01:56:10+00:00,2025,0,1,212,5,66,146,0.5507246376811594,5,0
luigi:prs:3351,luigi,pull_request,3351,2025-05-15 13:18:05+00:00,2026-02-08 01:25:26+00:00,2025,0,1,213,4,67,146,0.5454545454545454,5,3
luigi:issues:3352,luigi,issue,3352,2025-05-21 20:35:25+00:00,,2025,0,1,214,4,67,147,0.5428571428571428,5,2
luigi:issues:3353,luigi,issue,3353,2025-05-27 11:24:57+00:00,2026-05-07 13:03:54+00:00,2025,0,1,215,4,68,147,0.5450236966824644,5,1
luigi:issues:3354,luigi,issue,3354,2025-05-28 03:34:25+00:00,2026-05-07 13:10:23+00:00,2025,0,1,216,5,69,147,0.5450236966824644,5,2
luigi:issues:3355,luigi,issue,3355,2025-05-28 03:37:47+00:00,,2025,0,1,217,6,70,147,0.5450236966824644,5,2
luigi:issues:3356,luigi,issue,3356,2025-06-12 08:17:37+00:00,2026-04-06 17:24:14+00:00,2025,0,1,218,5,71,147,0.5446009389671361,6,3
luigi:prs:3357,luigi,pull_request,3357,2025-07-14 05:51:37+00:00,2025-07-14 05:56:26+00:00,2025,1,0,219,0,72,147,0.5296803652968036,7,0
luigi:issues:3358,luigi,issue,3358,2025-07-30 08:57:44+00:00,,2025,0,1,220,1,72,148,0.5296803652968036,7,2
luigi:prs:3359,luigi,pull_request,3359,2025-08-26 07:51:39+00:00,,2025,0,1,221,1,73,148,0.5318181818181819,8,1
luigi:prs:3360,luigi,pull_request,3360,2025-09-23 14:04:14+00:00,,2025,0,1,222,1,74,148,0.5294117647058824,9,1
luigi:issues:3361,luigi,issue,3361,2025-09-27 01:45:28+00:00,,2025,0,1,223,1,75,148,0.527027027027027,9,5
luigi:issues:3362,luigi,issue,3362,2025-09-27 03:47:13+00:00,,2025,0,1,224,2,76,148,0.527027027027027,9,5
luigi:issues:3363,luigi,issue,3363,2025-10-16 15:17:57+00:00,,2025,0,1,225,3,77,148,0.527027027027027,10,3
luigi:issues:3364,luigi,issue,3364,2025-10-16 19:46:05+00:00,,2025,0,1,226,4,78,148,0.527027027027027,10,3
luigi:prs:3365,luigi,pull_request,3365,2025-10-20 21:39:25+00:00,,2025,0,1,227,5,79,148,0.527027027027027,10,0
luigi:prs:3366,luigi,pull_request,3366,2025-10-25 20:43:14+00:00,,2025,0,1,228,5,80,148,0.5246636771300448,10,5
luigi:prs:3367,luigi,pull_request,3367,2025-11-19 23:53:48+00:00,,2025,0,1,229,1,81,148,0.5131578947368421,11,2
luigi:issues:3368,luigi,issue,3368,2025-12-12 05:50:15+00:00,2026-01-17 02:14:43+00:00,2025,0,1,230,1,81,149,0.5109170305676856,12,4
luigi:prs:3369,luigi,pull_request,3369,2025-12-20 06:54:30+00:00,2025-12-31 03:40:24+00:00,2025,1,0,231,1,82,149,0.508695652173913,12,5
luigi:prs:3370,luigi,pull_request,3370,2025-12-21 06:42:59+00:00,2026-01-07 11:53:48+00:00,2025,1,0,232,2,83,149,0.508695652173913,12,6
